url,supermercado,nombre,error_type,fecha_deteccion
https://www.carrefour.com.ar/galletitas-cachafaz-avena-y-chips-220-g/p,,,404.0,2026-06-02 12:26
https://www.carrefour.com.ar/galletitas-cachafaz-avena-granola-almendras-y-mani-225-g/p,,,404.0,2026-06-02 12:26
https://www.carrefour.com.ar/galletitas-dulces-lincoln-clasicas--terrabusi-tripack-459-g-715956/p,,,404.0,2026-06-02 12:26
https://www.carrefour.com.ar/galletitas-de-vainillas-merengadas-rellenas-de-frutilla-88-g-716912/p,,,404.0,2026-06-02 12:26
https://www.carrefour.com.ar/galletitas-frambuesa-rell-panda-sonrisas-108-g/p,,,404.0,2026-06-02 12:26
https://www.carrefour.com.ar/galletitas-dulces-banadas-celosas-110-g-592074/p,,,404.0,2026-06-02 12:26
https://www.carrefour.com.ar/galletitas-gaona-crunchips-choco-132-grs-757078/p,,,404.0,2026-06-02 12:26
https://www.carrefour.com.ar/galletitas-anillitos-9-de-oro-de-coco-180-g-733274/p,,,404.0,2026-06-02 12:26
https://www.carrefour.com.ar/lentejas-secas-remojadas-bulnez-en-lata-300-g-740148/p,Carrefour,Lentejas secas remojadas Bulnez en lata 300 g.,,2026-06-02 12:26
https://www.carrefour.com.ar/lentejas-secas-bulnez-400-grs-760491/p,Carrefour,Lentejas secas Bulnez 400 grs,,2026-06-02 12:26
https://www.carrefour.com.ar/galletitas-cerealitas-avena-cacao-170-g-747084/p,,,404,2026-06-02 17:39
https://www.carrefour.com.ar/galletitas-chocolate-negro-chocolinas-181-grs-760485/p,,,404,2026-06-02 17:39
https://www.carrefour.com.ar/galletitas-dulces-duquesa-terrabusi-115-g-521124/p,,,404,2026-06-02 17:39
https://www.carrefour.com.ar/galletitas-dulce-anillitos-terrabusi-300-g-694961/p,,,404,2026-06-02 17:39
https://www.carrefour.com.ar/galletitas-polvorones-dulce-de-leche-150-g/p,,,404,2026-06-02 17:39
https://www.carrefour.com.ar/galletitas-dulces-terrabusi-vainilla-120-grs-743100/p,,,404,2026-06-02 17:39
https://www.carrefour.com.ar/galletitas-dulces-bulnez-surtidas-300-grs-747982/p,,,404,2026-06-02 17:39
https://www.carrefour.com.ar/galleta-de-chocolate-9-de-oro-con-relleno-de-chocolate-160-g-635374/p,,,404,2026-06-02 17:39
https://www.carrefour.com.ar/gaseosa-cola-coca-cola-sabor-original-225-lts-30138/p,Carrefour,"Gaseosa cola Coca Cola sabor original 2,25 lts",,2026-06-02 17:39
https://www.carrefour.com.ar/yerba-mate-playadito-suave-con-palo-1-kg/p,Carrefour,Yerba mate Playadito suave con palo 1 kg.,,2026-06-02 17:39
https://www.masonline.com.ar/jamon-cocido-chacra-150-g/p,Masonline,Jamón Cocido Nuestra Fiambrería Chacra 43 Feteado 200 G,,2026-06-02 17:39
https://www.masonline.com.ar/aceite-de-girasol-canuelas-1-5-lt-2/p,Masonline,Aceite De Girasol Cañuelas 1.5 L,,2026-06-02 17:39
https://www.masonline.com.ar/mermelada-dulcor-durazno-454-gr-2/p,Masonline,Mermelada Dulcor Durazno 454 Gr,,2026-06-02 17:39
https://www.masonline.com.ar/vino-tinto-don-valentin-lacrado-malbec-750ml-2/p,Masonline,Vino Tinto Don Valentin Lacrado Malbec 750 Ml,,2026-06-02 17:39
https://www.masonline.com.ar/vino-tinto-esperado-malbec-750ml-2/p,Masonline,Vino Tinto Esperado Malbec 750 Ml,,2026-06-02 17:39
https://depotexpress.com.ar/productos/desayuno/gald-trio-pepas-320x/,,,exception,2026-06-02 17:39
,,,"EXCEPTION: Message: timeout: Timed out receiving message from renderer: -0.004
  (Session info: chrome=148.0.7778.217)
Stacktrace:
	chromedriver!GetHandleVerifier [0x7ff63f5f7de5+14895]
	chromedriver!GetHandleVerifier [0x7ff63f5f7e50+14900]
	chromedriver!(No symbol) [0x7ff63f35d5ad]
	chromedriver!(No symbol) [0x7ff63f34a1f9]
	chromedriver!(No symbol) [0x7ff63f349ee1]
	chromedriver!(No symbol) [0x7ff63f347b11]
	chromedriver!(No symbol) [0x7ff63f34844f]
	chromedriver!(No symbol) [0x7ff63f35796a]
	chromedriver!(No symbol) [0x7ff63f36e817]
	chromedriver!(No symbol) [0x7ff63f3766aa]
	chromedriver!(No symbol) [0x7ff63f348c11]
	chromedriver!(No symbol) [0x7ff63f36e543]
	chromedriver!(No symbol) [0x7ff63f404737]
	chromedriver!(No symbol) [0x7ff63f3a9df8]
	chromedriver!(No symbol) [0x7ff63f3aace3]
	chromedriver!GetHandleVerifier [0x7ff63f90cc49+3296f9]
	chromedriver!GetHandleVerifier [0x7ff63f907375+323e25]
	chromedriver!GetHandleVerifier [0x7ff63f92bc82+348732]
	chromedriver!GetHandleVerifier [0x7ff63f616045+32af5]
	chromedriver!GetHandleVerifier [0x7ff63f61ecec+3b79c]
	chromedriver!GetHandleVerifier [0x7ff63f601bc4+1e674]
	chromedriver!GetHandleVerifier [0x7ff63f601d54+1e804]
	chromedriver!GetHandleVerifier [0x7ff63f5e60e7+2b97]
	KERNEL32!BaseThreadInitThunk [0x7ffeecf2e957+17]
	ntdll!RtlUserThreadStart [0x7ffeee1c427c+2c]
",2026-06-02 17:39
https://www.carrefour.com.ar/higado-congelado-x-kg-697272/p,Carrefour,Hígado congelado x kg.,,2026-06-02 17:39
https://www.carrefour.com.ar/harina-de-maiz-carrefour-organico-500-g/p,,,exception,2026-06-02 17:39
https://www.carrefour.com.ar/leche-uat-entera-carrefour-classic-brik-1-lt-720022/p,,,exception,2026-06-02 17:39
https://www.masonline.com.ar/leche-multivitaminas-3-la-serenisima-sachet-1l-2/p,Masonline,Leche Entera La Serenísima Multivitaminas 3% 1 L,,2026-06-02 17:39
https://www.delimart.com.ar/yogur_bebible_clasico_de_vainilla_la_serenisima_x_900_gr,,,404,2026-06-03 14:27
https://www.delimart.com.ar/yogur_bebible_clasico_de_frutilla_la_serenisima_x_900_gr,,,404,2026-06-03 14:27
https://www.delimart.com.ar/yogur_bebible_sabor_frutilla_cremigal_1kg,,,404,2026-06-03 14:27
https://www.delimart.com.ar/yogur_bebible_sabor_vainilla_cremigal_1kg,,,404,2026-06-03 14:27
https://www.delimart.com.ar/dulce_de_leche_clasico_ilolay_405_gr,,,404,2026-06-03 14:27
https://www.delimart.com.ar/mayonesa_dfisesta_475_gr,,,404,2026-06-03 14:27
https://www.delimart.com.ar/cafe_instantaneo_nescafe_dolca_suave_170_gr,,,404,2026-06-03 14:27
https://www.delimart.com.ar/cafe_instantaneo_nescafe_dolca_suave_x_50_gr,,,404,2026-06-03 14:27
https://www.delimart.com.ar/cafe_instantaneo_la_virginia_clasico_50_gr,,,404,2026-06-03 14:27
https://www.delimart.com.ar/cafe_instantaneo_la_virginia_clasico_100_gr,,,404,2026-06-03 14:27
https://www.delimart.com.ar/cafe_instantaneo_la_virginia_suave_170_gr,,,404,2026-06-03 14:27
https://www.delimart.com.ar/cafe_instantaneo_la_virginia_suave_50_gr,,,404,2026-06-03 14:27
https://www.delimart.com.ar/cafe_instantaneo_la_virginia_suave_100_gr,,,404,2026-06-03 14:27
https://www.delimart.com.ar/cafe_instantaneo_dolca_nescafe_x_100_gr,,,404,2026-06-03 14:27
https://www.delimart.com.ar/cafe_instantaneo_la_virginia_clasico_170_gr,,,404,2026-06-03 14:27
https://www.delimart.com.ar/cafe_instantaneo_nescafe_dolca_aroma_original_50_g,,,404,2026-06-03 14:27
https://www.delimart.com.ar/cafe_instantaneo_nescafe_dolca_original_170_gr,,,404,2026-06-03 14:27
https://www.delimart.com.ar/cafe_la_morenita_torrado_intenso_100_gr,,,404,2026-06-03 14:27
https://www.delimart.com.ar/cafe_instantaneo_tradicion_nescafe_x170_gr,,,404,2026-06-03 14:27
https://www.delimart.com.ar/yerba_mate_suave_4f_union_500_gr,,,404,2026-06-03 14:27
https://www.delimart.com.ar/yerba_suave_nobleza_gaucha_500gr2,,,404,2026-06-03 14:27
https://www.delimart.com.ar/yerba_mate_union_suave_original_1_kg,,,404,2026-06-03 14:27
https://www.delimart.com.ar/acelga_por_1200g_aprox,,,404,2026-06-03 14:27
https://www.carrefour.com.ar/galletitas-pepa-arcor-183-grs-748628/p,Carrefour,Galletitas pepa Arcor 183 grs,,2026-06-03 14:27
https://www.carrefour.com.ar/galletitas-mana-de-vainilla-livianas-136-g-704898/p,Carrefour,Galletitas Maná de vainilla livianas 136 g.,,2026-06-03 14:27
https://www.carrefour.com.ar/galletitas-surtido-diversion-en-bolsa-400-g-737813/p,,,404,2026-06-03 14:27
https://www.carrefour.com.ar/galletitas-chocolate-rellena-coco-rumba-x3-110-g-739662/p,,,404,2026-06-03 14:27
https://www.carrefour.com.ar/galletitas-mana-de-vainilla-livianas-fp-3x-136-g-704899/p,,,404,2026-06-03 14:27
https://www.carrefour.com.ar/galletitas-pepas-carrefour-500-g/p,,,404,2026-06-03 14:27
https://www.carrefour.com.ar/vainillas-carrefour-flow-pack-444-g-700137/p,,,404,2026-06-03 14:27
https://www.carrefour.com.ar/tartaleta-frutos-rojos-carrefour-classic-300-g-736428/p,,,404,2026-06-03 14:27
https://www.carrefour.com.ar/galletitas-de-chocolate-macucas-85-g-744854/p,Carrefour,Galletitas de chocolate Macucas 85 g.,,2026-06-03 14:27
https://www.carrefour.com.ar/galletitas-formis-vainilla-rellenas-chocolate-102-g-712647/p,Carrefour,Galletitas Formis vainilla rellenas chocolate 102 g.,,2026-06-03 14:27
https://www.carrefour.com.ar/galletitas-pepas-carrefour-900-g/p,,,404,2026-06-03 14:27
https://www.carrefour.com.ar/galletitas-pepas-tricolor-carrefour-classic-300-g/p,Carrefour,Galletitas pepas tricolor Carrefour classic 300 g.,,2026-06-03 14:27
https://www.carrefour.com.ar/galletitas-de-avena-y-chocolate-cereal-mix-207-grs-751408/p,Carrefour,Galletitas de avena y chocolate Cereal Mix 207 grs,,2026-06-03 14:27
https://www.carrefour.com.ar/galletitas-chocolate-rellena-coco-rumba-110-g-739661/p,Carrefour,Galletitas chocolate rellena coco Rumba 110 g.,,2026-06-03 14:27
https://www.carrefour.com.ar/galleta-de-limon-banada-de-chocolate-carrefour-extra-6-uni-758861/p,Carrefour,Galleta de limón bañada de chocolate Carrefour Extra 6 uni,,2026-06-03 14:27
https://www.carrefour.com.ar/galletitas-formis-vainilla-rellenas-frutilla-102-g-712649/p,Carrefour,Galletitas Formis vainilla rellenas frutilla 102 g.,,2026-06-03 14:27
https://www.carrefour.com.ar/galletitas-chocolate-negro-macucas-black-110-grs-760486/p,Carrefour,Galletitas chocolate negro Macucas black 110 grs,,2026-06-03 14:27
https://www.carrefour.com.ar/galletitas-vainilla-rell-frutilla-mana-152-g/p,,,404,2026-06-03 14:27
https://www.carrefour.com.ar/galletitas-clasicas-lincoln-vainilla-153-g/p,Carrefour,Gelletitas clásicas Lincoln vainilla 153 g.,,2026-06-03 14:27
https://www.carrefour.com.ar/galletitas-cerealitas-granola-170-g-747085/p,,,404,2026-06-03 14:27
https://www.carrefour.com.ar/galletitas-rellenas-vainilla-choco-cofler-85-g-740379/p,,,404,2026-06-03 14:27
https://www.carrefour.com.ar/galletitas-de-chocolate-carrefour-classic-220-g-730823/p,Carrefour,Galletitas de chocolate Carrefour classic 220 g.,,2026-06-03 14:27
https://www.carrefour.com.ar/galletitas-carrefour-classic-scones-bolsa-250-grs-606027/p,,,404,2026-06-03 14:27
https://www.carrefour.com.ar/galletitas-frutigran-salvado-250-g/p,Carrefour,Galletitas Frutigran salvado 250 g.,,2026-06-03 14:27
https://www.carrefour.com.ar/galleta-de-limon-banada-en-chocolate-carrefour-extra-32-grs-758860/p,Carrefour,Galleta de limón bañada en chocolate Carrefour Extra 32 grs,,2026-06-03 14:27
https://www.carrefour.com.ar/galletitas-vainilla-rellenas-chocolate-tortitas-125-g/p,,,404,2026-06-03 14:27
https://www.carrefour.com.ar/galletitas-chocolate-blanco-chocolina-170-grs-760484/p,Carrefour,Galletitas chocolate blanco Chocolinas 170 grs,,2026-06-03 14:27
https://www.carrefour.com.ar/galletitas-dulces-lincoln-clasicas-terrabusi-219-g-720550/p,Carrefour,Galletitas dulces Lincoln clásicas Terrabusi 219 g.,,2026-06-03 14:27
https://www.carrefour.com.ar/galletitas-dulces-bulnez-con-chips-50-grs-758854/p,Carrefour,Galletitas dulces Bulnez con chips 50 grs,,2026-06-03 14:27
https://www.carrefour.com.ar/galletitas-dulces-terrabusi-miel-120-grs-743101/p,,,404,2026-06-03 14:27
https://www.carrefour.com.ar/galletitas-pepa-glaseadas-carrefour-classic-300-g-734575/p,Carrefour,Galletitas pepa glaseadas Carrefour classic 300 g.,,2026-06-03 14:27
https://www.carrefour.com.ar/galletitas-mana-sabor-chocolatada-136-g-704900/p,Carrefour,Galletitas Maná sabor chocolatada 136 g.,,2026-06-03 14:27
https://www.carrefour.com.ar/galletitas-de-chocolate-bulnez-rellenas-6-uni-758857/p,Carrefour,Galletitas de chocolates Bulnez rellenas 6 uni,,2026-06-03 14:27
https://www.carrefour.com.ar/polvorones-bulnez-con-chips-de-dulce-de-leche-150-g-744331/p,Carrefour,Polvorones Bulnez con chips de dulce de leche 150 g.,,2026-06-03 14:27
https://www.carrefour.com.ar/galletitas-oreo-rellena-con-crema-sabor-original-1825-g-715950/p,Carrefour,"Galletitas Oreo rellenas con crema sabor original 182,5 g.",,2026-06-03 14:27
https://www.carrefour.com.ar/galletitas-pepas-9-de-oro-350-g-724195/p,Carrefour,Galletitas pepas 9 de Oro 350 g.,,2026-06-03 14:27
https://www.carrefour.com.ar/galletitas-de-limon-mana-livianas-136-g-708525/p,Carrefour,Galletitas de limón Maná livianas 136 g.,,2026-06-03 14:27
https://www.carrefour.com.ar/galletitas-carrefour-classic-dulces-con-chips-de-chocolate-170-g/p,,,404,2026-06-03 14:27
https://www.carrefour.com.ar/galletitas-dulces-cereal-mix-sabor-cacao-150-grs-748630/p,,,404,2026-06-03 14:27
https://www.carrefour.com.ar/galletita-rellena-de-limon-carrefour-classic-30-g-738861/p,Carrefour,Galletita rellena de limón Carrefour Classic 30 g.,,2026-06-03 14:27
https://www.carrefour.com.ar/galletitas-rellenas-de-frutilla-bulnez-6-uni-758856/p,Carrefour,Galletitas rellenas de frutilla Bulnez 6 uni,,2026-06-03 14:27
https://www.carrefour.com.ar/galletitas-pepa-bulnez-en-bolsa-500-grs-753112/p,Carrefour,Galletitas pepa Bulnez en bolsa 500 grs,,2026-06-03 14:27
https://www.carrefour.com.ar/galletitas-de-avena-bulnez-con-chips-175-grs-758858/p,Carrefour,Galletitas de avena Bulnez con chips 175 grs,,2026-06-03 14:27
https://www.carrefour.com.ar/galletitas-dulces-carrefour-classic-de-vainilla-120-grs-759353/p,Carrefour,Galletitas dulces Carrefour Classic de vainilla 120 grs,,2026-06-03 14:27
https://www.carrefour.com.ar/galletitas-dulce-carrefour-classic-anillo-sabor-coco-300-grs-754968/p,Carrefour,Galletitas dulces Carrefour Classic anillo sabor coco 300 grs,,2026-06-03 14:27
https://www.carrefour.com.ar/galletitas-carrefour-classic-vainilla-3-x-120-g/p,Carrefour,Galletitas Carrefour Classic vainilla 3 x 120 g.,,2026-06-03 14:27
https://www.carrefour.com.ar/galletitas-dulces-lincoln-terrabusi-153-g-520829/p,,,404,2026-06-03 14:27
https://www.carrefour.com.ar/galletitas-banadas-de-chocolate-bridges-100-grs-753061/p,,,404,2026-06-03 14:27
https://www.carrefour.com.ar/galletitas-gold-mundo-anillos-chocolate-y-vainilla-250-g-621326/p,Carrefour,Galletitas Gold Mundo anillos chocolate y vainilla 250 g.,,2026-06-03 14:27
https://www.carrefour.com.ar/galletitas-dale-chocolate-rellenas-de-vainilla-115-g/p,Carrefour,Galletitas Dale chocolate rellenas de vainilla 115 g.,,2026-06-03 14:27
https://www.carrefour.com.ar/galletitas-dulces-de-vainilla-rellenas-sabor-dulce-de-leche-carrefour-classic-120-grs-766242/p,,,404,2026-06-03 14:27
https://www.carrefour.com.ar/galletitas-crackers-la-providencia-303-g/p,Carrefour,Galletitas crackers La Providencia 303 g.,,2026-06-03 14:27
https://www.carrefour.com.ar/galletitas-crackers-la-providencia-505-g/p,Carrefour,Galletitas crackers La Providencia 505 g.,,2026-06-03 14:27
https://www.carrefour.com.ar/galletitas-criollitas-crackers-5-x-998-g-708531/p,,,404,2026-06-03 14:27
https://www.carrefour.com.ar/galletitas-clasicas-traviata-x5-108-g-737518/p,,,404,2026-06-03 14:27
https://www.carrefour.com.ar/galletitas-crackers-tripack-pindy-306-g/p,Carrefour,Galletitas crackers tripack Pindy 306 g.,,2026-06-03 14:27
https://www.carrefour.com.ar/galletitas-tipo-crackers-bulnez-pack-303-grs-752504/p,Carrefour,Galletitas tipo crackers Bulnez pack 303 grs,,2026-06-03 14:27
https://www.carrefour.com.ar/galletitas-crackers-tia-maruca-3-x-106-g/p,,,404,2026-06-03 14:27
https://www.carrefour.com.ar/galletitas-crackers-argentitas-3-x-102-g/p,Carrefour,Galletitas crackers Argentitas 3 x 102 g.,,2026-06-03 14:27
https://www.carrefour.com.ar/galletitas-crackers-la-providencia-101-g/p,Carrefour,Galletitas crackers La Providencia 101 g.,,2026-06-03 14:27
https://www.carrefour.com.ar/harina-de-trigo-000-blancaflor-1-kg-735294/p,Carrefour,Harina de trigo 000 Blancaflor 1 kg.,,2026-06-03 14:27
https://www.carrefour.com.ar/harina-000-chacabuco-1-kg/p,,,404,2026-06-03 14:27
https://www.carrefour.com.ar/galletitas-tipo-crackers-bulnez-x5-505-grs-752505/p,,,no_name,2026-06-03 14:27
https://www.carrefour.com.ar/harina-de-trigo-barbara-000-x-1-kg-573044/p,Carrefour,Harina de trigo Bárbara 000 x 1 kg,,2026-06-03 14:27
https://www.carrefour.com.ar/harina-de-trigo-tassara-tipo-000-1-kg-703208/p,Carrefour,Harina de trigo Tassara tipo 000 1 kg.,,2026-06-03 14:27
https://www.carrefour.com.ar/arroz-largo-fino-gallo-00000-en-bolsa-1-kg-718789/p,Carrefour,Arroz largo fino Gallo 00000 en bolsa 1 kg,,2026-06-03 14:27
https://www.carrefour.com.ar/fideo-tallarin-bulnez-en-paquete-500-g-746347/p,Carrefour,Fideo tallarin Bulnez en paquete 500 g.,,2026-06-03 14:27
https://www.carrefour.com.ar/fideos-spaghetti-marolio-500-g-746919/p,Carrefour,Fideos spaghetti Marolio 500 g.,,2026-06-03 14:27
https://www.carrefour.com.ar/fideos-tallarines-marolio-500-g-746925/p,Carrefour,Fideos tallarines Marolio 500 g.,,2026-06-03 14:27
https://www.carrefour.com.ar/asado-novillo-x-kg-6631/p,Carrefour,Asado Novillo x kg.,,2026-06-03 14:27
https://www.carrefour.com.ar/osobuco-x-kg-678577/p,Carrefour,Osobuco x kg.,,2026-06-03 14:27
https://www.carrefour.com.ar/nalga-entera-x-kg-678583/p,Carrefour,Nalga entera x kg.,,2026-06-03 14:27
https://www.carrefour.com.ar/pollo-fresco-en-bandeja-marca-propia-x-kg-689035/p,,,404,2026-06-03 14:27
https://www.carrefour.com.ar/medio-pollo-congelado-x-kg-738510/p,Carrefour,Medio pollo congelado x kg.,,2026-06-03 14:27
https://www.carrefour.com.ar/filete-de-boga-congelado-epuyen-1-kg/p,Carrefour,Filete de boga congelado Epuyen 1 kg.,,2026-06-03 14:27
https://www.carrefour.com.ar/filet-de-merluza-mercado-del-mar-x-kg-737248/p,Carrefour,Filet de merluza Mercado del Mar x kg.,,2026-06-03 14:27
https://www.carrefour.com.ar/filete-de-lenguado-congelado-epuyen-700-g/p,Carrefour,Filete de lenguado congelado Epuyen 700 g.,,2026-06-03 14:27
https://www.carrefour.com.ar/filet-de-merluza-epuyen-congelado-1-kg/p,Carrefour,Filet de merluza Epuyen congelado 1 kg.,,2026-06-03 14:27
https://www.carrefour.com.ar/filet-de-merluza-artesanos-del-mar-600-g-723102/p,Carrefour,Filet de merluza Artesanos del mar 600 g.,,2026-06-03 14:27
https://www.carrefour.com.ar/mortadela-calchaqui-piccola-300-g/p,Carrefour,Mortadela Calchaqui piccola 300 g.,,2026-06-03 14:27
https://www.carrefour.com.ar/mortadela-mini-con-pistacho-300-grs-730186/p,Carrefour,Mortadela mini con pistacho 300 grs,,2026-06-03 14:27
https://www.carrefour.com.ar/mortadela-mini-con-pimienta-300-grs-730188/p,,,404,2026-06-03 14:27
https://www.carrefour.com.ar/aceite-de-girasol-alto-omega-carrefour-pet-1-5-l/p,,,404,2026-06-03 14:27
https://www.carrefour.com.ar/aceite-de-girasol-lira-15-l/p,Carrefour,Aceite de girasol Lira 1.5 l.,,2026-06-03 14:27
https://www.carrefour.com.ar/aceite-de-girasol-legitimo-900-cc-700951/p,Carrefour,Aceite de girasol Legitimo 900 cc.,,2026-06-03 14:27
https://www.carrefour.com.ar/la-lechera-nutrifuerza-400-grs-721596/p,Carrefour,La Lechera Nutrifuerza 400 grs,,2026-06-03 14:27
https://www.carrefour.com.ar/leche-en-polvo-franciscana-pouch-800-g-715359/p,Carrefour,Leche en polvo Franciscana pouch 800 g.,,2026-06-03 14:27
https://www.carrefour.com.ar/leche-en-polvo-santa-clara-fortificado-400-g-727232/p,Carrefour,Leche en polvo Santa clara fortificado 400 g.,,2026-06-03 14:27
https://www.carrefour.com.ar/queso-crema-la-paulina-tradicional-290-g/p,,,404,2026-06-03 14:27
https://www.carrefour.com.ar/queso-crema-carrefour-classic-tradicional-290-g-719066/p,Carrefour,Queso crema Carrefour classic tradicional 290 g.,,2026-06-03 14:27
https://www.carrefour.com.ar/queso-cuartirolo-tremblay-x-kg/p,Carrefour,Queso cuartirolo Tremblay x kg.,,2026-06-03 14:27
https://www.carrefour.com.ar/queso-cremoso-sudamlac-x-kg-755753/p,Carrefour,Queso cremoso Sudamlac x kg,,2026-06-03 14:27
https://www.carrefour.com.ar/queso-cremoso-horma-supercrem-x-kg-61339/p,,,404,2026-06-03 14:27
https://www.carrefour.com.ar/queso-rallado-la-paulina-flow-pack-40-g/p,,,404,2026-06-03 14:27
https://www.carrefour.com.ar/alimento-a-base-de-queso-rallado-la-quesera-100-g-664368/p,Carrefour,Alimento a base de queso rallado La quesera 100 g.,,2026-06-03 14:27
https://www.carrefour.com.ar/queso-rallado-ilolay-1-u-x-40-g/p,,,404,2026-06-03 14:27
https://www.carrefour.com.ar/alimento-a-base-de-queso-rallado-bulnez-en-sobre-40-g-740456/p,Carrefour,Alimento a base de queso rallado Bulnez en sobre 40 g.,,2026-06-03 14:27
https://www.carrefour.com.ar/yogur-bebible-frutilla-la-serenisima-clasico-900-g-726990/p,Carrefour,Yogur bebible frutilla La SerenÍsima clásico 900 g,,2026-06-03 14:27
https://www.carrefour.com.ar/yogur-bebible-danonino-sabor-frutilla-900-grs-747999/p,Carrefour,Yogur bebible Danonino sabor frutilla 900 grs,,2026-06-03 14:27
https://www.carrefour.com.ar/yogur-bebible-frutilla-yogurisimo-900-g-726385/p,,,404,2026-06-03 14:27
https://www.carrefour.com.ar/yogur-entero-milkaut-frutilla-sachet-900-g/p,Carrefour,Yogur entero Milkaut frutilla sachet 900 g.,,2026-06-03 14:27
https://www.carrefour.com.ar/yogur-bebible-bulnez-sabor-frutilla-900-grs-754974/p,Carrefour,Yogur bebible Bulnez sabor frutilla 900 grs,,2026-06-03 14:27
https://www.carrefour.com.ar/dulce-de-leche-bulnes-clasico-400-grs-753522/p,Carrefour,Dulce de leche Bulnez clásico 400 grs,,2026-06-03 14:27
https://www.carrefour.com.ar/dulce-de-leche-santa-clara-400-g-722007/p,Carrefour,Dulce de leche Santa clara 400 g.,,2026-06-03 14:27
https://www.carrefour.com.ar/dulce-de-leche-familiar-carrefour-classic-en-pote-400-g-721485/p,Carrefour,Dulce de leche familiar Carrefour classic en pote 400 g.,,2026-06-03 14:27
https://www.carrefour.com.ar/huevo-blanco-carnave-carton-6-u/p,Carrefour,Huevo blanco Carnave cartón 6 u.,,2026-06-03 14:27
https://www.carrefour.com.ar/huevo-color-carnave-carton-6-u/p,Carrefour,Huevo color Carnave cartón 6 u.,,2026-06-03 14:27
https://www.carrefour.com.ar/manzana-royal-gala-x-kg-735450/p,Carrefour,Manzana royal gala x kg.,,2026-06-03 14:27
https://www.carrefour.com.ar/mandarina-x-kg/p,Carrefour,Mandarina x kg.,,2026-06-03 14:27
https://www.carrefour.com.ar/pera-packhams-huella-natural-x-kg/p,Carrefour,Pera packhams Huella Natural x kg.,,2026-06-03 14:27
https://www.carrefour.com.ar/papa-cepillada-x-kg/p,Carrefour,Papa cepillada x kg.,,2026-06-03 14:27
https://www.carrefour.com.ar/acelga-x-paquete/p,Carrefour,Acelga x paquete,,2026-06-03 14:27
https://www.carrefour.com.ar/choclo-en-granos-amarillo-carrefour-classic-en-lata-300-g-731396/p,,,404,2026-06-03 14:27
https://www.carrefour.com.ar/choclo-amarillo-la-campagnola-en-granos-300-g-710570/p,,,404,2026-06-03 14:27
https://www.carrefour.com.ar/choclo-en-granos-arcor-amarillo-lata-300-g-699528-699528/p,Carrefour,Choclo en granos Arcor amarillo lata 300 g.,,2026-06-03 14:27
https://www.carrefour.com.ar/choclo-en-granos-inalpa-amarillo-lata-300-g-695918-695918/p,,,404,2026-06-03 14:27
https://www.carrefour.com.ar/choclo-en-conserva-carrefour-classic-170-g-738880/p,Carrefour,Choclo en conserva Carrefour Classic 170 g.,,2026-06-03 14:27
https://www.carrefour.com.ar/pure-de-tomates-alco-520-g/p,Carrefour,Pure de tomates Alco 520 g.,,2026-06-03 14:27
https://www.carrefour.com.ar/pure-de-tomate-dona-pupa-tetra-520-g/p,Carrefour,Puré de tomate Doña Pupa tetra 520 g.,,2026-06-03 14:27
https://www.carrefour.com.ar/lentejas-carrefour-classic-en-bolsa-400-g-738611/p,Carrefour,Lentejas Carrefour Classic en bolsa 400 g.,,2026-06-03 14:27
https://www.carrefour.com.ar/lentejas-secas-carrefour-classic-remojadas-340-grs-747097/p,,,404,2026-06-03 14:27
https://www.carrefour.com.ar/azucar-comun-carrefour-classic-tipo-a-en-bolsa-1-kg-723266/p,Carrefour,Azúcar común Carrefour classic tipo A en bolsa 1 kg.,,2026-06-03 14:27
https://www.carrefour.com.ar/azucar-comun-tipo-a-bella-vista-1-kg-421740/p,Carrefour,Azúcar comun tipo A Bella vista 1 kg.,,2026-06-03 14:27
https://www.carrefour.com.ar/dulce-de-batata-emeth-con-chocolate-500-g/p,Carrefour,Dulce de batata Emeth con chocolate 500 g.,,2026-06-03 14:27
https://www.carrefour.com.ar/mermelada-de-ciruela-carrefour-classic-454-g/p,Carrefour,Mermelada de ciruela Carrefour Classic 454 g.,,2026-06-03 14:27
https://www.carrefour.com.ar/mermelada-de-ciruela-light-carrefour-classic-390-grs-629268/p,,,404,2026-06-03 14:27
https://www.carrefour.com.ar/mermelada-carrefour-classic-de-frutos-rojos-454-g-739421/p,Carrefour,Mermelada Carrefour Classic de frutos rojos 454 g.,,2026-06-03 14:27
https://www.carrefour.com.ar/mermelada-de-ciruela-la-campagnola-454-g/p,Carrefour,Mermelada de ciruela La Campagnola 454 g.,,2026-06-03 14:27
https://www.carrefour.com.ar/mermelada-de-naranja-la-campagnola-454-g-79188/p,Carrefour,Mermelada de naranja La Campagnola 454 g.,,2026-06-03 14:27
https://www.carrefour.com.ar/mermelada-carrefour-classic-de-arandanos-454-g-739420/p,Carrefour,Mermelada Carrefour Classic de arándanos 454 g.,,2026-06-03 14:27
https://www.carrefour.com.ar/mermelada-dulcor-durazno-454-g/p,Carrefour,Mermelada Dulcor durazno 454 g.,,2026-06-03 14:27
https://www.carrefour.com.ar/sal-fina-bulnez-en-bolsa-500-g-737473/p,Carrefour,Sal fina Bulnez en bolsa 500 g.,,2026-06-03 14:27
https://www.carrefour.com.ar/sal-fina-carrefour-bolsa-500-g/p,,,404,2026-06-03 14:27
https://www.carrefour.com.ar/mayonesa-d-fiesta-500-cc-722817/p,Carrefour,Mayonesa d´ Fiesta 500 cc.,,2026-06-03 14:27
https://www.carrefour.com.ar/mayonesa-fiesta-1-kg-721945/p,,,404,2026-06-03 14:27
https://www.carrefour.com.ar/mayonesa-canuelas-500-cc-730347/p,Carrefour,Mayonesa Cañuelas 500 cc.,,2026-06-03 14:27
https://www.carrefour.com.ar/mayonesa-danica-dp-250-cc-722815/p,Carrefour,Mayonesa Dánica dp 250 cc.,,2026-06-03 14:27
https://www.carrefour.com.ar/mayonesa-heinz-limon-200-g/p,Carrefour,Mayonesa Heinz limón 200 g.,,2026-06-03 14:27
https://www.carrefour.com.ar/vinagre-de-alcohol-bulnez-500-ml-761713/p,Carrefour,Vinagre de alcohol Bulnez 500 ml,,2026-06-03 14:27
https://www.carrefour.com.ar/vinagre-de-alcohol-carrefour-classic-1-l/p,Carrefour,Vinagre de alcohol Carrefour classic 1 l.,,2026-06-03 14:27
https://www.carrefour.com.ar/vinagre-de-alcohol-favinco-sin-tacc-500-cc-703276/p,Carrefour,Vinagre de alcohol Favinco sin tacc 500 cc.,,2026-06-03 14:27
https://www.carrefour.com.ar/vinagre-de-alcohol-alcazar-1-l/p,Carrefour,Vinagre de alcohol Alcazar 1 l.,,2026-06-03 14:27
https://www.carrefour.com.ar/caldo-de-verdura-maggi-12-uni-687516/p,Carrefour,Caldo de Verdura Maggi 12 uni,,2026-06-03 14:27
https://www.carrefour.com.ar/caldo-knorr-de-gallina-deshidratado-12-cubos-737144/p,Carrefour,Caldo Knorr de gallina deshidratado 12 cubos.,,2026-06-03 14:27
https://www.carrefour.com.ar/maggi-caldo-de-carne-menos-sodio-12-uni-723124/p,Carrefour,Maggi Caldo de Carne Menos Sodio 12 uni,,2026-06-03 14:27
https://www.carrefour.com.ar/caldo-de-carne-maggi-12-uni-692993/p,Carrefour,Caldo de Carne Maggi 12 uni,,2026-06-03 14:27
https://www.carrefour.com.ar/gaseosa-cola-pepsi-regular-pet-2-lts-740265/p,,,404,2026-06-03 14:27
https://www.carrefour.com.ar/gaseosa-cola-cunnington-suave-sin-tacc-225-lts-723483/p,Carrefour,"Gaseosa cola Cunnington suave sin tacc 2,25 lts",,2026-06-03 14:27
https://www.carrefour.com.ar/gaseosa-pomelo-cunnignton-suave-sin-tacc-225-lts-723486/p,Carrefour,"Gaseosa pomelo Cunnignton suave sin tacc 2,25 lts",,2026-06-03 14:27
https://www.carrefour.com.ar/gaseosa-lima-limon-7-up-regular-pet-225-lts-745245/p,Carrefour,"Gaseosa lima limón 7 Up regular pet 2,25 lts",,2026-06-03 14:27
https://www.carrefour.com.ar/gaseosa-pomelo-schweppes-zero-225-lts-613051/p,Carrefour,"Gaseosa pomelo Schweppes Zero 2,25 lts",,2026-06-03 14:27
https://www.carrefour.com.ar/gaseosa-tonica-cunnington-suave-sin-tacc-225-lts-723484/p,Carrefour,"Gaseosa tónica Cunnington suave sin tacc 2,25 lts",,2026-06-03 14:27
https://www.carrefour.com.ar/gaseosa-cola-coca-cola-sabor-liviano-225-lts-159570/p,Carrefour,"Gaseosa cola Coca Cola sabor liviano 2,25 lts",,2026-06-03 14:27
https://www.carrefour.com.ar/gaseosa-fanta-naranja-2-25-lts-30139/p,,,404,2026-06-03 14:27
https://www.carrefour.com.ar/gaseosa-crush-lima-limon-2-25-lts-168638/p,Carrefour,"Gaseosa Crush Lima-Limón 2,25 lts",,2026-06-03 14:27
https://www.carrefour.com.ar/gaseosa-tonica-carrefour-classic-225-lts-572681/p,,,404,2026-06-03 14:27
https://www.carrefour.com.ar/gaseosa-crush-pomelo-amarillo-2-25-lts-337554/p,Carrefour,"Gaseosa Crush pomelo amarillo 2,25 lts",,2026-06-03 14:27
https://www.carrefour.com.ar/gaseosa-crush-naranja-2-25-lts-158471/p,Carrefour,"Gaseosa Crush Naranja 2,25 lts",,2026-06-03 14:27
https://www.carrefour.com.ar/gaseosa-tonica-carrefour-classic-light-225-lts-735676/p,,,404,2026-06-03 14:27
https://www.carrefour.com.ar/gaseosa-naranja-cunnington-classic-pet-225-lts-721468/p,Carrefour,"Gaseosa naranja Cunnington classic pet 2,25 lts",,2026-06-03 14:27
https://www.carrefour.com.ar/jugo-multifruta-carrefour-classic-tetra-1-lt-737127/p,Carrefour,Jugo multifruta Carrefour Classic tetra 1 lt.,,2026-06-03 14:27
https://www.carrefour.com.ar/jugo-de-naranja-natural-pura-frutta-salustiana-1-lt-723825/p,Carrefour,Jugo de naranja natural Pura frutta salustiana 1 lt,,2026-06-03 14:27
https://www.carrefour.com.ar/jugo-natural-naranja-puro-sol-lt/p,Carrefour,Jugo natural naranja Puro Sol 1 lt.,,2026-06-03 14:27
https://www.carrefour.com.ar/jugo-natural-biofrut-naranja-1-l/p,Carrefour,Jugo natural Biofrut naranja 1 l.,,2026-06-03 14:27
https://www.carrefour.com.ar/jugo-natural-biofrut-multifruta-1-l-38393/p,Carrefour,Jugo natural Biofrut multifruta 1 l.,,2026-06-03 14:27
https://www.carrefour.com.ar/jugo-de-pomelo-exprimido-puro-sol-tetra-1-lt/p,Carrefour,Jugo de pomelo exprimido Puro Sol tetra 1 lt.,,2026-06-03 14:27
https://www.carrefour.com.ar/soda-bulnez-225-lts-728710/p,Carrefour,"Soda Bulnez 2,25 lts",,2026-06-03 14:27
https://www.carrefour.com.ar/soda-carrefour-classic-225-lts-735713/p,Carrefour,"Soda Carrefour Classic 2,25 lts",,2026-06-03 14:27
https://www.carrefour.com.ar/soda-carrefour-classic-600-ml-740284/p,,,404,2026-06-03 14:27
https://www.carrefour.com.ar/soda-cordoba-sifon-2-lts-603857/p,Carrefour,Soda Córdoba sifón 2 lts,,2026-06-03 14:27
https://www.carrefour.com.ar/soda-benedictino-sifon-2-lts-690118/p,Carrefour,Soda Benedictino sifón 2 lts,,2026-06-03 14:27
https://www.carrefour.com.ar/cerveza-rubia-imperial-ipa-473-ml-639588/p,,,404,2026-06-03 14:27
https://www.carrefour.com.ar/cerveza-rubia-schneider-473-ml-176451/p,Carrefour,Cerveza rubia Schneider 473 ml,,2026-06-03 14:27
https://www.carrefour.com.ar/cerveza-rubia-quilmes-1890-473-ml-746759/p,Carrefour,Cerveza rubia Quilmes 1890 473 ml,,2026-06-03 14:27
https://www.carrefour.com.ar/vino-tinto-malbec-cosecha-elegido-norton-750-cc-586173/p,Carrefour,Vino tinto Malbec Cosecha Elegido Nortón 750 ml,,2026-06-03 14:27
https://www.carrefour.com.ar/vino-tinto-malbec-tierra-del-fuego-750-cc/p,Carrefour,Vino tinto Malbec Tierra de Fuego 750 ml,,2026-06-03 14:27
https://www.carrefour.com.ar/nescafe-dolca-suave-170-grs-729426/p,Carrefour,Nescafé Dolca Suave 170 grs,,2026-06-03 14:27
https://www.carrefour.com.ar/cafe-instantaneo-la-morenita-frasco-170-g/p,,,404,2026-06-03 14:27
https://www.carrefour.com.ar/yerba-mate-rosamonte-suave-55-aniversario-1-kg/p,Carrefour,Yerba mate Rosamonte suave 55 aniversario 1 kg.,,2026-06-03 14:27
https://www.carrefour.com.ar/yerba-la-tranquera-liviana-1-kg-713946/p,,,404,2026-06-03 14:27
https://www.carrefour.com.ar/te-en-saquitos-diamantado-taragui-x-50-uni/p,,,404,2026-06-03 14:27
https://www.carrefour.com.ar/te-en-saquitos-carrefour-classic-sin-tacc-x-50-uni-679247/p,,,404,2026-06-03 14:27
https://www.carrefour.com.ar/te-molienda-controlada-la-virginia-x-50-uni/p,,,404,2026-06-03 14:27
https://www.masonline.com.ar/pepas-membrillo-great-value-300-gr-2/p,,,404,2026-06-03 14:27
https://www.masonline.com.ar/pepas-frutos-bosque-great-value-300-gr-2/p,,,404,2026-06-03 14:27
https://www.masonline.com.ar/galletitas-formis-vai-cho-72g-2/p,Masonline,Galletitas Formis Vainilla Y Chocolate 72g,,2026-06-03 14:27
https://www.masonline.com.ar/pepas-aires-de-lujan-180-gr-2/p,Masonline,Galletitas Aires De Lujan Pepas 180 G,,2026-06-03 14:27
https://www.masonline.com.ar/galletitas-cofler-rellenas-de-chocolate-85-g-2/p,Masonline,Galletitas Cofler Rellenas De Chocolate 85 G,,2026-06-03 14:27
https://www.masonline.com.ar/galletitas-formis-cho-ddl-102g-2/p,Masonline,Galletitas Formis Chocolate Y Dulce De Leche 102g,,2026-06-03 14:27
https://www.masonline.com.ar/galletitas-rellenas-de-vainilla-frutilla-mana-152-gr-2/p,Masonline,Galletitas Rellenas De Vainilla Frutilla Mana 152 Gr,,2026-06-03 14:27
https://www.masonline.com.ar/galletitas-formis-cho-vai-102g-2/p,Masonline,Galletitas Formis Cho/Vai 102g,,2026-06-03 14:27
https://www.masonline.com.ar/galletitas-dulces-9-de-oro-anillitos-vainilla-x-120-gr-2/p,Masonline,Galletitas Dulces 9 De Oro Anillitos Vainilla 120 G,,2026-06-03 14:27
https://www.masonline.com.ar/galletas-black-tortitas-125-gr-2/p,Masonline,Galletas Black Tortitas 125 Gr,,2026-06-03 14:27
https://www.masonline.com.ar/galletitas-dulces-rumba-rellenas-de-vainilla-110-g-2/p,Masonline,Galletitas Dulces Rumba Rellenas De Vainilla 110 G,,2026-06-03 14:27
https://www.masonline.com.ar/sconcitos-9-de-oro-200g-2/p,Masonline,Sconcitos 9 De Oro 200g,,2026-06-03 14:27
https://www.masonline.com.ar/galletitas-dulces-9-de-oro-anillitos-chocolate-x-120-gr-2/p,Masonline,Galletitas Dulces 9 De Oro Anillitos Chocolate 120 G,,2026-06-03 14:27
https://www.masonline.com.ar/galletitas-organicas-cacao-y-miel-cachafaz-170-gr-2/p,Masonline,Galletitas Organicas Cacao Y Miel Cachafaz 170 Gr,,2026-06-03 14:27
https://www.masonline.com.ar/galletitas-dulces-pepas-don-satur-300-g-2/p,Masonline,Galletitas Dulces Pepas Don Satur 300 G,,2026-06-03 14:27
https://www.masonline.com.ar/bizcochos-dulces-9-de-oro-cara-sucia-200-g-2/p,Masonline,Bizcochos Dulces 9 De Oro Cara Sucia 200 G,,2026-06-03 14:27
https://www.masonline.com.ar/galletitas-mana-vainilla-136g-2/p,,,404,2026-06-03 14:27
https://www.masonline.com.ar/cookies-chips-choco-9-de-oro-120gr-2/p,Masonline,Galletitas 9 De Oro Cookies Con Chips De Choco 120 G,,2026-06-03 14:27
https://www.masonline.com.ar/galletitas-pitusas-rellenas-de-frutilla-160g-2/p,Masonline,Galletitas Rellenas Pitusas Sabor Frutilla 160g,,2026-06-03 14:27
https://www.masonline.com.ar/galletitas-dulces-lincoln-clasicas-153-g-2/p,Masonline,Galletitas Dulces Lincoln Clásicas 153 G,,2026-06-03 14:27
https://www.masonline.com.ar/galletas-9-de-oro-avena-y-miel-180gr-2/p,Masonline,Galletas 9 De Oro Avena Y Miel 180gr,,2026-06-03 14:27
https://www.masonline.com.ar/galletitas-dulces-gaona-crunchips-mini-90-g-2/p,Masonline,Galletitas Dulces Gaona Crunchips Mini 90 G,,2026-06-03 14:27
https://www.masonline.com.ar/cookies-chip-choco-blanco-9-de-oro-120gr-2/p,Masonline,Galletitas 9 De Oro Cookies Con Chips De Choco Blanco 120 G,,2026-06-03 14:27
https://www.masonline.com.ar/galletitas-dulces-macucas-black-110-g/p,Masonline,Galletitas Dulces Macucas Black 110 G,,2026-06-03 14:27
https://www.masonline.com.ar/galletitas-cereal-mix-sabor-cacao-150-g/p,Masonline,Galletitas Cereal Mix Sabor Cacao 150 G,,2026-06-03 14:27
https://www.masonline.com.ar/galletitas-chocolate-pitusas-160-gr-2/p,Masonline,Galletitas Chocolate Pitusas 160 Gr,,2026-06-03 14:27
https://www.masonline.com.ar/galletitas-vainilla-pitusas-160-gr-2/p,Masonline,Galletitas Vainilla Pitusas 160 Gr,,2026-06-03 14:27
https://www.masonline.com.ar/galletitas-mana-chocolatada-136g-2/p,Masonline,Galletitas Mana Chocolatada 136g,,2026-06-03 14:27
https://www.masonline.com.ar/galletitas-dulces-mana-acaramelada-145-g/p,Masonline,Galletitas Dulces Mana Acaramelada 145 G,,2026-06-03 14:27
https://www.masonline.com.ar/galletitas-anillos-clasicos-terrabusi-300g-2/p,Masonline,Galletitas Dulces Terrabusi Anillitos 300 G,,2026-06-03 14:27
https://www.masonline.com.ar/galletitas-jalea-frambuesa-pitusas-140gr-2/p,Masonline,Galletitas Jalea Frambuesa Pitusas 140gr,,2026-06-03 14:27
https://www.masonline.com.ar/galletitas-dulces-terrabusi-con-chips-de-chocolate-144-g-2/p,Masonline,Galletitas Dulces Terrabusi Variedad 144 G,,2026-06-03 14:27
https://www.masonline.com.ar/galleta-9-de-oro-avenas-con-pasas-180gr-2/p,Masonline,Galleta 9 De Oro Avenas Con Pasas 180gr,,2026-06-03 14:27
https://www.masonline.com.ar/galletitas-dulces-amor-rellenas-sbaor-almendra-110-g-2/p,Masonline,Galletitas Dulces Amor Rellenas Sbaor Almendra 110 G,,2026-06-03 14:27
https://www.masonline.com.ar/check-cho-crema-120g/p,Masonline,Galletitas Dulces Check Rellenas Sabor Chocolate Con Relleno De Crema 120 G,,2026-06-03 14:27
https://www.masonline.com.ar/galletitas-mini-mantecadas-parnor-170g-2/p,Masonline,Galletitas Mini Mantecadas Parnor 170g,,2026-06-03 14:27
https://www.masonline.com.ar/anillos-dulces-kukinas-sabor-vainilla-180g-2/p,Masonline,Anillos Dulces Kukinas Sabor Vainilla 180g,,2026-06-03 14:27
https://www.masonline.com.ar/galletitas-terrabusi-scons-160-gr-2/p,,,404,2026-06-03 14:27
https://www.masonline.com.ar/galletitas-dulces-pamela-con-avena-y-coco-180-g-2/p,Masonline,Galletitas Dulces Pamela Con Avena Y Coco 180 G,,2026-06-03 14:27
https://www.masonline.com.ar/galletitas-dulces-polvorita-sabor-vainilla-152-g-2/p,Masonline,Galletitas Dulces Polvorita Sabor Vainilla 152 G,,2026-06-03 14:27
https://www.masonline.com.ar/check-rell-vai-120g/p,Masonline,Galletitas Dulces Check Rellenas Sabor Vainilla Con Relleno De Vainila 120 G,,2026-06-03 14:27
https://www.masonline.com.ar/galletitas-bauducco-cookies-original-con-gotas-sabor-chocolate-60-g/p,Masonline,Galletitas Bauducco Cookies Original Con Gotas Sabor Chocolate 60 G,,2026-06-03 14:27
https://www.masonline.com.ar/galletitas-de-miel-fantoche-espumita-300gr-2/p,Masonline,Galletitas De Miel Fantoche Espumita 300gr,,2026-06-03 14:27
https://www.masonline.com.ar/galletitas-pamela-de-chocolate-rellenas-97g-2/p,Masonline,Galletitas De Chocolate Rellenas Pamela 97g,,2026-06-03 14:27
https://www.masonline.com.ar/galletitas-pamela-de-vainilla-rellenas-97g-2/p,Masonline,Galletitas Rellenas Pamela Sabor Vainilla 97g,,2026-06-03 14:27
https://www.masonline.com.ar/galletitas-obleas-rhodesia-chocolate-22g-2/p,Masonline,Galletitas Dulces Rhodesia Chocolate 22 G,,2026-06-03 14:27
https://www.masonline.com.ar/galletitas-dulces-smams-polvorones-coco-sin-tacc-x-130-gr-2/p,Masonline,Galletitas Smams Polvorones Coco Veggie 120g,,2026-06-03 14:27
https://www.masonline.com.ar/galletas-black-c-chips-de-chocolate-bl-kukinas-80gr-2/p,Masonline,Galletas Black C Chips De Chocolate Bl Kukinas 80gr,,2026-06-03 14:27
https://www.masonline.com.ar/galletitas-dulces-morochitas-con-cacao-140-g-2/p,Masonline,Galletitas Dulces Morochitas Con Cacao 140 G,,2026-06-03 14:27
https://www.masonline.com.ar/arito-veguis-canela-200gr-2/p,Masonline,Arito Veguis Canela 200gr,,2026-06-03 14:27
https://www.masonline.com.ar/galletitas-smams-choco-200g-2/p,Masonline,Galletitas Smams Chocolate 250 G,,2026-06-03 14:27
https://www.masonline.com.ar/galletitas-dulces-kukinas-sabor-chocolate-180g-2/p,Masonline,Galletitas Dulces Kukinas Sabor Chocolate 180g,,2026-06-03 14:27
https://www.masonline.com.ar/galletitas-crunchips-dulce-de-leche-gaona-172-gr-2/p,Masonline,Galletitas Crunchips Dulce De Leche Gaona 172 Gr,,2026-06-03 14:27
https://www.masonline.com.ar/galletitas-crackers-la-providencia-505g-2/p,Masonline,Galletitas Crackers La Providencia 505g,,2026-06-03 14:27
https://www.masonline.com.ar/galletitas-crackers-la-providencia-303g-2/p,Masonline,Galletitas Crackers La Providencia 303g,,2026-06-03 14:27
https://www.masonline.com.ar/harina-de-trigo-000-aliada-1-kg/p,Masonline,Harina De Trigo 000 Aliada 1kg,,2026-06-03 14:27
https://www.masonline.com.ar/arroz-largo-fino-0000-nutrimax-1kg-2/p,Masonline,Arroz Aliada Largo Fino 0000 1 Kg,,2026-06-03 14:27
https://www.masonline.com.ar/arroz-check-largo-fino-1-kg-2/p,Masonline,Arroz Check Largo Fino 1 Kg,,2026-06-03 14:27
https://www.masonline.com.ar/arroz-largo-fino-maria-1kg-2/p,Masonline,Arroz Largo Fino Maria 1 Kg,,2026-06-03 14:27
https://www.masonline.com.ar/fideos-spaghetti-n-3-terrabusi-500gr-2/p,Masonline,Fideos Spaghetti N°3 Terrabusi 500gr,,2026-06-03 14:27
https://www.masonline.com.ar/tallarines-santa-isables-500-g-2/p,Masonline,Fideos Largos Santa Isabel Tallarines 500 G,,2026-06-03 14:27
https://www.masonline.com.ar/fideos-spaghetti-santa-isabel-500gr-2/p,Masonline,Fideos Semolados Santa Isabel Spaghetti 500 G,,2026-06-03 14:27
https://www.masonline.com.ar/fideos-largos-bonanza-tallarin-500-g/p,Masonline,Fideos Largos Bonanza Tallarín 500 G,,2026-06-03 14:27
https://www.masonline.com.ar/pastas-tallarin-marolio-500gr-2/p,Masonline,Fideos Secos Marolio Tallarin 500g,,2026-06-03 14:27
https://www.masonline.com.ar/spaghetti-marolio-500-g-2/p,Masonline,Fideos Marolio Spaghetti 500 G,,2026-06-03 14:27
https://www.masonline.com.ar/fideos-largos-arcor-tallarin-500-g/p,Masonline,Fideos Largos Arcor Tallarin 500 G,,2026-06-03 14:27
https://www.masonline.com.ar/tallarines-molto-500-g-2/p,Masonline,Fideos Largos Molto Tallarines 500 G,,2026-06-03 14:27
https://www.masonline.com.ar/pastas-tallarin-molto-500gr-2/p,Masonline,Pastas Tallarin Molto 500gr,,2026-06-03 14:27
https://www.masonline.com.ar/pastas-spaghetti-molto-500gr-2/p,Masonline,Pastas Spaghetti Molto 500gr,,2026-06-03 14:27
https://www.masonline.com.ar/asado-carnicero-de-novillito-x-1-2-kg-5/p,Masonline,Asado Carnicero De Novillito 700g,,2026-06-03 14:27
https://www.masonline.com.ar/garron-con-hueso-osobuco-de-novillito-x-600-gr-2/p,Masonline,Garron Con Hueso/Osobuco De Novillito 600g,,2026-06-03 14:27
https://www.masonline.com.ar/bola-de-lomo-feteada-de-novillito-x-600-gr/p,Masonline,Bola De Lomo Feteada De Novillito Envasado Al Vacío 1 Kg,,2026-06-03 14:27
https://www.masonline.com.ar/nalga-feteada-1kg/p,Masonline,Nalga Feteada Envasado Al Vacío 1 Kg,,2026-06-03 14:27
https://www.masonline.com.ar/nalga-feteada-de-novillito-x-600-gr-5/p,Masonline,Nalga Oferta Feteada Al Vacío 1 Kg,,2026-06-03 14:27
https://www.masonline.com.ar/pollo-fresco-x-3-kg/p,Masonline,Pollo Entero Fresco 3 Kg,,2026-06-03 14:27
https://www.masonline.com.ar/pollo-congelado-3-kg/p,Masonline,Pollo Entero Congelado 3 Kg,,2026-06-03 14:27
https://www.masonline.com.ar/filet-de-merluza-parcialmente-despinado-x-kg-congelado/p,Masonline,Filete De Merluza Parcialmente Despinado 1 Kg,,2026-06-03 14:27
https://www.masonline.com.ar/filet-de-merluza-grangys-con-finas-hierbas-1-kg/p,Masonline,Filet De Merluza Grangys Con Finas Hierbas 1 Kg,,2026-06-03 14:27
https://www.masonline.com.ar/mortadela-fliar-paladini-x-500-gr-2/p,Masonline,Mortadela Paladini Familiar 500 G,,2026-06-03 14:27
https://www.masonline.com.ar/mortadela-calchaqui-x-300-gr-2/p,Masonline,Mortadela Piccola Calchaquí 300 G,,2026-06-03 14:27
https://www.masonline.com.ar/mortadela-lario-300-g-2/p,Masonline,Mortadela Lario 300 G,,2026-06-03 14:27
https://www.masonline.com.ar/jamon-cocido-paladini-fetas-finas-200-gr-2/p,Masonline,Jamón Cocido Paladini Feteado 200 G,,2026-06-03 14:27
https://www.masonline.com.ar/aceite-de-girasol-canuelas-900-ml-2/p,,,404,2026-06-03 14:27
https://www.masonline.com.ar/aceite-de-girasol-lira-1-5-lt-2/p,Masonline,Aceite De Girasol Lira 1.5 L,,2026-06-03 14:27
https://www.masonline.com.ar/margarina-danica-100-vegetal-500-g-2/p,Masonline,Margarina Dánica 100% Vegetal 500 G,,2026-06-03 14:27
https://www.masonline.com.ar/leche-en-polvo-entera-la-paulina-800-gr-2/p,Masonline,Leche En Polvo La Paulina Entera 800 G,,2026-06-03 14:27
https://www.masonline.com.ar/leche-en-polvo-entera-purisima-400-g-2/p,Masonline,Leche En Polvo Purisima Entera 200 G,,2026-06-03 14:27
https://www.masonline.com.ar/queso-untable-ricrem-clasico-280-g/p,Masonline,Queso Untable Ricrem Clásico 280 G,,2026-06-03 14:27
https://www.masonline.com.ar/queso-untable-tonadita-patagonia-original-200-g/p,Masonline,Queso Untable Tonadita Patagonia Original 200 G,,2026-06-03 14:27
https://www.masonline.com.ar/queso-untable-ricrem-clasico-180-g/p,Masonline,Queso Untable Ricrem Clásico 180 G,,2026-06-03 14:27
https://www.masonline.com.ar/queso-cremoso-la-paulina-1-kg/p,Masonline,Queso Cremoso La Paulina 600 G,,2026-06-03 14:27
https://www.masonline.com.ar/queso-cremoso-acuenta-x-500g/p,Masonline,Queso Cremoso Aliada 600 G,,2026-06-03 14:27
https://www.masonline.com.ar/queso-cremoso-cremon-la-serenisima-600-gr/p,Masonline,Queso Cremoso La Serenísima Cremón 500 G,,2026-06-03 14:27
https://www.masonline.com.ar/queso-cremoso-vacalin-400-g-2/p,Masonline,Queso Cremoso Vacalín 400 G,,2026-06-03 14:27
https://www.masonline.com.ar/queso-cremoso-barraza-1kg/p,Masonline,Queso Cremoso Barraza 2 Kg,,2026-06-03 14:27
https://www.masonline.com.ar/queso-cremoso-cremon-doble-crema-la-serenisima-600-gr/p,Masonline,Queso Doble Crema La Serenísima Cremón 500 G,,2026-06-03 14:27
https://www.masonline.com.ar/queso-rallado-en-hebrasa-kiollo-70-g-2/p,Masonline,Queso Rallado Kiollo En Mini Hebras 70 G,,2026-06-03 14:27
https://www.masonline.com.ar/queso-rallado-parmiginas-x-30-gr-2/p,Masonline,Queso Rallado Parmiginas X 30 Gr,,2026-06-03 14:27
https://www.masonline.com.ar/queso-rallado-120gr-2/p,Masonline,Queso Rallado 120gr,,2026-06-03 14:27
https://www.masonline.com.ar/queso-rallado-40gr-2/p,Masonline,Queso Rallado 40gr,,2026-06-03 14:27
https://www.masonline.com.ar/yogur-la-serenisima-sabor-frutilla-1100-g-2/p,Masonline,Yogur Bebible La Serenísima Clásico Sabor Frutilla 1100 G,,2026-06-03 14:27
https://www.masonline.com.ar/yogur-la-serenisima-sabor-vainilla-1100-g-2/p,Masonline,Yogur Bebible La Serenísima Clásico Sabor Vainilla 1100 G,,2026-06-03 14:27
https://www.masonline.com.ar/danonino-yogur-sabor-frutilla-sachet-900-gr-2/p,Masonline,Yogur Bebible Danonino Sabor Frutilla 900 G,,2026-06-03 14:27
https://www.masonline.com.ar/yogur-entero-sabor-frutilla-yatasto-1-lt-2/p,Masonline,Yogur Entero Sabor Frutilla Yatasto 1 Lt,,2026-06-03 14:27
https://www.masonline.com.ar/yogur-entero-sabor-vainilla-yatasto-1-lt-2/p,Masonline,Yogur Entero Sabor Vainilla Yatasto 1 Lt,,2026-06-03 14:27
https://www.masonline.com.ar/yogur-bebible-entero-gandara-sabor-vainilla-900-gr-2/p,Masonline,Yogur Bebible Entero Gandara Sabor Vainilla 900 Gr,,2026-06-03 14:27
https://www.masonline.com.ar/yogur-bebible-entero-gandara-sabor-frutilla-900-gr-2/p,Masonline,Yogur Bebible Entero Gandara Sabor Frutilla 900 Gr,,2026-06-03 14:27
https://www.masonline.com.ar/dulce-de-leche-ilolay-clasico-400-g-2/p,,,404,2026-06-03 14:27
https://www.masonline.com.ar/dulce-de-leche-trad-san-ignacio-400-gr-2/p,Masonline,Dulce De Leche San Ignacio Tradición 400 G,,2026-06-03 14:27
https://www.masonline.com.ar/dulce-de-leche-check-400-g-2/p,Masonline,Dulce De Leche Check 400 G,,2026-06-03 14:27
https://www.masonline.com.ar/huevo-blanco-grandes-great-value-6-u-2/p,Masonline,Huevos Blancos Check Grandes 6 U,,2026-06-03 14:27
https://www.masonline.com.ar/maple-check-30-huevos-frescos-blancos-2/p,,,404,2026-06-03 14:27
https://www.masonline.com.ar/maple-check-30-huevos-frescos-de-color-2/p,,,404,2026-06-03 14:27
https://www.masonline.com.ar/huevos-blancos-grandes-avicoper-30u-2/p,Masonline,Huevos Blancos Avicoper 30 U,,2026-06-03 14:27
https://www.masonline.com.ar/huevo-grande-color-great-value-x6u-2/p,Masonline,Huevos De Color Check Grandes 6 U,,2026-06-03 14:27
https://www.masonline.com.ar/huevos-de-color-grandes-avicoper-30u-2/p,,,404,2026-06-03 14:27
https://www.masonline.com.ar/huevos-de-color-la-piara-30u-2/p,,,404,2026-06-03 14:27
https://www.masonline.com.ar/huevo-color-gde-great-value-12-u-2/p,Masonline,Huevos De Color Check Grandes 12 U,,2026-06-03 14:27
https://www.masonline.com.ar/huevos-blancos-la-piara-30u-2/p,Masonline,Huevos Blancos La Piara 30 U,,2026-06-03 14:27
https://www.masonline.com.ar/huevos-blancos-carnave-maple-30-u/p,,,404,2026-06-03 14:27
https://www.masonline.com.ar/huevo-color-gde-great-value-6-u-2/p,Masonline,Huevos De Color Check Grandes 6 U,,2026-06-03 14:27
https://www.masonline.com.ar/huevos-blancos-la-piara-12u-2/p,,,404,2026-06-03 14:27
https://www.masonline.com.ar/huevos-blancos-check-extra-grandes-6-u/p,,,404,2026-06-03 14:27
https://www.masonline.com.ar/huevos-de-color-la-piara-12u-2/p,,,404,2026-06-03 14:27
https://www.masonline.com.ar/huevos-blancos-la-piara-6u-2/p,,,404,2026-06-03 14:27
https://www.masonline.com.ar/manzana-roja-400g/p,Masonline,Manzana Roja 1 Kg,,2026-06-03 14:27
https://www.masonline.com.ar/huevos-de-color-la-piara-6u-2/p,,,404,2026-06-03 14:27
https://www.masonline.com.ar/manzana-en-bolsa-1-kg/p,Masonline,"Manzana En Bolsa 1,5 Kg",,2026-06-03 14:27
https://www.masonline.com.ar/naranja-valencia-500g-2/p,Masonline,Naranja Valencia 1 Kg,,2026-06-03 14:27
https://www.masonline.com.ar/banana-300g/p,Masonline,Banana 1 Kg,,2026-06-03 14:27
https://www.masonline.com.ar/pera-williams-500g/p,Masonline,Pera Williams 1 Kg,,2026-06-03 14:27
https://www.masonline.com.ar/boniato-500-g/p,Masonline,Boniato 500 G,,2026-06-03 14:27
https://www.masonline.com.ar/papa-500g/p,Masonline,Papa 500 G,,2026-06-03 14:27
https://www.masonline.com.ar/cebolla-350g/p,Masonline,Cebolla 350 G,,2026-06-03 14:27
https://www.masonline.com.ar/cebolla-morada-500g/p,Masonline,Cebolla Morada 500g,,2026-06-03 14:27
https://www.masonline.com.ar/choclo-la-banda-en-grano-amarillo-340-g/p,Masonline,Choclo La Banda En Grano Amarillo 340 G,,2026-06-03 14:27
https://www.masonline.com.ar/choclo-en-grano-amarillo-la-banda-350gr-2/p,Masonline,Choclo En Grano Amarillo La Banda 350gr,,2026-06-03 14:27
https://www.masonline.com.ar/choclo-amarillo-entero-terragona-340-g-2/p,Masonline,Choclo Amarillo Entero Terragona 340 G,,2026-06-03 14:27
https://www.masonline.com.ar/conserva-vegetales-choclo-amarillo-grano-350-gr-2/p,Masonline,Conserva Vegetales Choclo Amarillo Grano 350 Gr,,2026-06-03 14:27
https://www.masonline.com.ar/lechuga-francesa-500g/p,Masonline,Lechuga Francesa 500g,,2026-06-03 14:27
https://www.masonline.com.ar/tomate-perita-500g/p,Masonline,Tomate Perita 500g,,2026-06-03 14:27
https://www.masonline.com.ar/zanahoria-250g/p,Masonline,Zanahoria 250g,,2026-06-03 14:27
https://www.masonline.com.ar/zapallo-cabutia-3kg/p,Masonline,Zapallo Cabutia 3 Kg,,2026-06-03 14:27
https://www.masonline.com.ar/tomate-triturado-vigente-500g-2/p,Masonline,Tomate Triturado Vigente 500g,,2026-06-03 14:27
https://www.masonline.com.ar/tomate-triturado-la-banda-500-gr-2/p,Masonline,Tomate Triturado La Banda 500g,,2026-06-03 14:27
https://www.masonline.com.ar/pure-de-tomate-marolio-520-g-2/p,Masonline,Puré De Tomate Marolio 520 G,,2026-06-03 14:27
https://www.masonline.com.ar/pulpa-tomate-la-campagnola-520-gr-2/p,Masonline,Pulpa Tomate La Campagnola 520 Gr,,2026-06-03 14:27
https://www.masonline.com.ar/pure-de-tomate-vigente-x520gr-2/p,Masonline,Puré De Tomate Vigente X520gr.,,2026-06-03 14:27
https://www.masonline.com.ar/pure-de-tomates-3-arroyos-520-g/p,Masonline,Puré De Tomates 3 Arroyos 520 G,,2026-06-03 14:27
https://www.masonline.com.ar/arvejas-la-banda-secas-remojadas-340gr-2/p,Masonline,Arvejas La Banda Secas Remojadas 340gr,,2026-06-03 14:27
https://www.masonline.com.ar/arvejas-la-campagnola-secas-300g-2/p,Masonline,Arvejas La Campagnola Secas 300g,,2026-06-03 14:27
https://www.masonline.com.ar/lentejas-don-elio-400g-2/p,Masonline,Lentejas Don Elio 400g,,2026-06-03 14:27
https://www.masonline.com.ar/lentejas-arcor-300g-2/p,Masonline,Lentejas Arcor 300g,,2026-06-03 14:27
https://www.masonline.com.ar/lentejas-la-banda-350gr-2/p,Masonline,Lentejas La Banda 350gr,,2026-06-03 14:27
https://www.masonline.com.ar/dulce-batata-c-chocolate-arcor-x-500-gr-2/p,Masonline,Dulce Batata C/Chocolate Arcor X 500 Gr,,2026-06-03 14:27
https://www.masonline.com.ar/dulce-de-batata-estuche-arcor-x-500-gr-2/p,Masonline,Dulce De Batata Arcor 500 G,,2026-06-03 14:27
https://www.masonline.com.ar/azucar-tipo-a-azucel-1-kg-2/p,,,404,2026-06-03 14:27
https://www.masonline.com.ar/mermelada-great-value-arandanos-454-gr-2/p,Masonline,Mermelada Check Arándanos 454 G,,2026-06-03 14:27
https://www.masonline.com.ar/mermelada-great-value-frambuesa-454-gr-2/p,Masonline,Mermelada Check Frambuesa 454 G,,2026-06-03 14:27
https://www.masonline.com.ar/mermelada-la-campagnola-ciruela-454g-2/p,Masonline,Mermelada La Campagnola Ciruela 454g,,2026-06-03 14:27
https://www.masonline.com.ar/mermelada-emeth-frambuesa-420-g/p,Masonline,Mermelada Emeth Frambuesa 420 G,,2026-06-03 14:27
https://www.masonline.com.ar/mermelada-emeth-naranja-420-g/p,Masonline,Mermelada Emeth Naranja 420 G,,2026-06-03 14:27
https://www.masonline.com.ar/mermelada-great-value-maracuya-454-gr-2/p,Masonline,Mermelada Check Maracuyá 454 G,,2026-06-03 14:27
https://www.masonline.com.ar/vinagre-favinco-sabor-finas-hierbas-1-l-2/p,Masonline,Vinagre Favinco Sabor Finas Hierbas 1 L,,2026-06-03 14:27
https://www.masonline.com.ar/caldo-de-verdura-maggi-35-g-5u-2/p,Masonline,Caldo De Verdura Maggi 35 G 5u,,2026-06-03 14:27
https://www.masonline.com.ar/caldo-en-polvo-maggi-sabor-carne-35-g-5u-2/p,Masonline,Caldo En Polvo Maggi Sabor Carne 35 G 5u,,2026-06-03 14:27
https://www.masonline.com.ar/caldo-gallina-maggi-57g-2/p,Masonline,Caldo Maggi® Gallina 6 U,,2026-06-03 14:27
https://www.masonline.com.ar/caldo-knorr-de-gallina-en-caja-6-u-2/p,Masonline,Caldo Knorr De Gallina En Caja 6 U,,2026-06-03 14:27
https://www.masonline.com.ar/caldo-knorr-sabor-gallina-deshidratado-114-g-12u-2/p,Masonline,Caldo Knorr Sabor Gallina Deshidratado 114 G 12u,,2026-06-03 14:27
https://www.masonline.com.ar/gaseosa-coca-cola-sabor-original-1-5-lt-2/p,Masonline,Gaseosa Coca Cola Original Menos Azúcares 1.5 L,,2026-06-03 14:27
https://www.masonline.com.ar/gaseosa-no-retornable-coca-cola-3-lt-2/p,Masonline,Gaseosa Coca Cola Sabor Original Menos Azúcares 3 L,,2026-06-03 14:27
https://www.masonline.com.ar/gaseosa-coca-cola-sabor-original-500-ml-2/p,Masonline,Gaseosa Coca Cola Sabor Original 500ml,,2026-06-03 14:27
https://www.masonline.com.ar/gaseosa-doble-cola-2-25-lt-2/p,Masonline,"Gaseosa Pritty Doble Cola 2,25 Lt",,2026-06-03 14:27
https://www.masonline.com.ar/gaseosa-doble-cola-3-lt-2/p,Masonline,Gaseosa Doble Cola 3 Lt,,2026-06-03 14:27
https://www.masonline.com.ar/gaseosa-lima-limon-8-un-sprite-1-5-lt-2/p,Masonline,Gaseosa Lima Limón Sprite 1.5 L,,2026-06-03 14:27
https://www.masonline.com.ar/gaseosa-sprite-lima-limon-3-lt-2/p,Masonline,Gaseosa Lima Limón Sprite Menos Azúcares 3 L,,2026-06-03 14:27
https://www.masonline.com.ar/gaseosa-sprite-lima-limon-500-ml-2/p,Masonline,Gaseosa Lima Limón Sprite 500 Ml,,2026-06-03 14:27
https://www.masonline.com.ar/gaseosa-fanta-manzana-2-5-lt-2/p,Masonline,Gaseosa Fanta Manzana 2.5 L,,2026-06-03 14:27
https://www.masonline.com.ar/agua-tonica-schweppes-2-25lt-2/p,Masonline,Agua Tonica Schweppes 2.25 L,,2026-06-03 14:27
https://www.masonline.com.ar/gaseosa-cunnington-manzana-classic-3-l/p,Masonline,Gaseosa Cunnington Manzana Classic 3 L,,2026-06-03 14:27
https://www.masonline.com.ar/gaseosa-fanta-sabor-limon-dulce-2-5-l-2/p,Masonline,"Gaseosa Fanta Sabor Limón Dulce 2,5 L",,2026-06-03 14:27
https://www.masonline.com.ar/gaseosa-naranja-fanta-1-5-lt-2-2/p,Masonline,Gaseosa Fanta Naranja 1.5 L,,2026-06-03 14:27
https://www.masonline.com.ar/gaseosa-naranja-fanta-500-cc-2/p,Masonline,Gaseosa Fanta Naranja 500 Ml,,2026-06-03 14:27
https://www.masonline.com.ar/gaseosa-naranja-fanta-3lt-2/p,Masonline,Gaseosa Fanta Naranja 3 L,,2026-06-03 14:27
https://www.masonline.com.ar/gaseosa-fanta-pomelo-2-5-lt-2/p,Masonline,Gaseosa Fanta Pomelo 2.5 L,,2026-06-03 14:27
https://www.masonline.com.ar/jugo-de-naranja-cepita-1-5-lt-2/p,Masonline,"Jugo De Naranja Cepita 1,5 Lt",,2026-06-03 14:27
https://www.masonline.com.ar/jugo-de-durazno-cepita-1-5-lt-2/p,Masonline,"Jugo De Durazno Cepita 1,5 Lt",,2026-06-03 14:27
https://www.masonline.com.ar/jugo-cepita-del-valle-naranja-tentacion-1-lt-2/p,Masonline,Jugo Cepita Del Valle Sabor Naranja Tentación 1 L,,2026-06-03 14:27
https://www.masonline.com.ar/jugo-cepita-del-valle-durazno-delicioso-1-lt-2/p,Masonline,Jugo Cepita Del Valle Durazno Delicioso 1 L,,2026-06-03 14:27
https://www.masonline.com.ar/jugo-de-anana-cepita-1-5-lt-2/p,Masonline,"Jugo De Anana Cepita 1,5 Lt",,2026-06-03 14:27
https://www.masonline.com.ar/jugos-sabor-naranja-tutti-200-cc-2/p,Masonline,Jugos Listo Tutti Naranja 200 Ml,,2026-06-03 14:27
https://www.masonline.com.ar/jugo-baggio-pronto-naranja-1-l/p,Masonline,Jugo Baggio Pronto Naranja 1 L,,2026-06-03 14:27
https://www.masonline.com.ar/jugo-cepita-del-valle-25-naranja-1-lt-2/p,Masonline,Jugo Cepita Del Valle De Naranja 1 L,,2026-06-03 14:27
https://www.masonline.com.ar/jugo-multifruta-tutti-1-lt-2/p,Masonline,Jugo Listo Tutti Multifruta 1 L,,2026-06-03 14:27
https://www.masonline.com.ar/jugo-cepita-del-valle-naranja-200-ml-2/p,Masonline,Jugo Cepita Del Valle De Naranja 200 Ml,,2026-06-03 14:27
https://www.masonline.com.ar/jugo-cepita-del-valle-manzana-200-ml-2/p,Masonline,Jugo Cepita Del Valle De Manzana 200 Ml,,2026-06-03 14:27
https://www.masonline.com.ar/jugo-de-naranja-tutti-1-l-2/p,Masonline,Jugo Listo Tutti Naranja 1 L,,2026-06-03 14:27
https://www.masonline.com.ar/jugo-multifruta-pto-baggio-200cc-2/p,Masonline,Jugo Multifruta Pto Baggio 200cc,,2026-06-03 14:27
https://www.masonline.com.ar/jugo-cepita-del-valle-fresh-naranja-1-5-lt-2/p,Masonline,Jugo Cepita Del Valle Fresh De Naranja 1.5 L,,2026-06-03 14:27
https://www.masonline.com.ar/jugo-bc-manzana-200ml-2/p,Masonline,Jugo Bc Manzana 200ml,,2026-06-03 14:27
https://www.masonline.com.ar/jugo-tutti-de-durazno-200-cc-2/p,Masonline,Jugo Listo Tutti Durazno 200 Ml,,2026-06-03 14:27
https://www.masonline.com.ar/jugo-manzana-tutti-1-lt-2/p,Masonline,Jugo Listo Tutti Manzana 1 L,,2026-06-03 14:27
https://www.masonline.com.ar/jugo-natural-tutti-de-uva-200-ml-2/p,Masonline,Jugo Listo Tutti Uva 200 Ml,,2026-06-03 14:27
https://www.masonline.com.ar/jugo-cepita-del-valle-fresh-naranja-3-l-2/p,Masonline,Jugo Cepita Del Valle Fresh Naranja 3 L,,2026-06-03 14:27
https://www.masonline.com.ar/jugo-cepita-delvalle-fresh-pomelo-3-l-2/p,Masonline,Jugo Cepita Delvalle Fresh Pomelo 3 L,,2026-06-03 14:27
https://www.masonline.com.ar/jugo-de-durazno-cepita-300-cc-2/p,Masonline,Jugo Cepita Del Valle Durazno Delicioso 300 Ml,,2026-06-03 14:27
https://www.masonline.com.ar/jugo-manzana-cepita-1-5-lt-2/p,Masonline,Jugo Manzana Cepita 1.5 Lt,,2026-06-03 14:27
https://www.masonline.com.ar/jugo-cepita-del-valle-fresh-pomelo-1-5-lt-2/p,Masonline,"Jugo Cepita Del Valle Fresh Sabor Pomelo 1,5 L",,2026-06-03 14:27
https://www.masonline.com.ar/jugo-de-manzana-arcor-1-l-2/p,Masonline,Jugo De Manzana Arcor 1 L,,2026-06-03 14:27
https://www.masonline.com.ar/agua-saborizada-fresh-manzana-cepita-1-5-lt-2/p,Masonline,Jugo Cepita Del Valle Fresh Sabor Manzana 1.5 L,,2026-06-03 14:27
https://www.masonline.com.ar/jugo-naranja-nr-pet-12b-cepita-fresh-500-ml-2/p,Masonline,Jugo De Naranja Cepita Del Valle Fresh 500 Ml,,2026-06-03 14:27
https://www.masonline.com.ar/jugo-pomelo-nr-pet-12b-cepita-fresh-500-ml-2/p,Masonline,Jugo Cepital Del Valle Fresh De Pomelo 500 Ml,,2026-06-03 14:27
https://www.masonline.com.ar/agua-con-gas-soda-benedictino-sifon-2-lt-2/p,Masonline,Agua Con Gas Benedictino Soda Sifón 2 L,,2026-06-03 14:27
https://www.masonline.com.ar/agua-con-gas-benedictino-soda-2-lt-2/p,Masonline,Agua Con Gas Benedictino Soda 2 L,,2026-06-03 14:27
https://www.masonline.com.ar/cerveza-pilsen-konigsbacher-500-cc-2-2/p,Masonline,Cerveza Pilsen Konigsbacher 500 Cc,,2026-06-03 14:27
https://www.masonline.com.ar/cerveza-goose-island-lager-473-ml-2/p,Masonline,Cerveza Rubia Goose Island Lager 473 Ml,,2026-06-03 14:27
https://www.masonline.com.ar/cerveza-rubia-bieckert-urbana-pilsen-473-ml-2/p,Masonline,Cerveza Rubia Bieckert Urbana Pilsen 473 Ml,,2026-06-03 14:27
https://www.masonline.com.ar/cerveza-rubia-lata-santa-fe-473cc-2/p,Masonline,Cerveza Rubia Lata Santa Fe 473cc,,2026-06-03 14:27
https://www.masonline.com.ar/cerveza-rubia-goose-island-lager-710-ml-2/p,Masonline,Cerveza Rubia Goose Island Lager 710 Ml,,2026-06-03 14:27
https://www.masonline.com.ar/vino-malbec-los-arboles-750-cc-2/p,Masonline,Vino Tinto Los Arboles Malbec 750 Ml,,2026-06-03 14:27
https://www.masonline.com.ar/vino-cabernet-malbec-postales-del-fin-del-mundo-750-cc-2/p,Masonline,Vino Cabernet Malbec Postales Del Fin Del Mundo 750 Cc,,2026-06-03 14:27
https://www.masonline.com.ar/vino-tinto-cabernet-y-malbec-postales-roble-750cc-2/p,Masonline,Vino Tinto Cabernet Y Malbec Postales Roble 750cc,,2026-06-03 14:27
https://www.masonline.com.ar/vino-tinto-callia-blend-syrah-malbec-750ml-2/p,Masonline,Vino Tinto Callia Blend Syrah Malbec 750 Ml,,2026-06-03 14:27
https://www.masonline.com.ar/vino-tinto-finca-los-primos-malbec-750ml-2/p,Masonline,Vino Tinto Finca Los Primos Malbec 750ml,,2026-06-03 14:27
https://www.masonline.com.ar/vino-tinto-estancia-mendoza-cabernet-malbec-750-ml-2/p,Masonline,Vino Tinto Estancia Mendoza Cabernet Malbec 750 Ml,,2026-06-03 14:27
https://www.masonline.com.ar/vino-tinto-talisman-malbec-750-ml-2/p,,,404,2026-06-03 14:27
https://www.masonline.com.ar/vino-tino-benjamin-nieto-blend-malbec-cabernet-sauvignon-750-ml-2/p,Masonline,Vino Tinto Benjamin Blend Malbec Cabernet Sauvignon 750 Ml,,2026-06-03 14:27
https://www.masonline.com.ar/toro-lacrado750cc-2/p,Masonline,Vinto Tinto Toro Lacrado Malbec 750cc,,2026-06-03 14:27
https://www.masonline.com.ar/vino-malbec-eugenio-bustos-750cc-2/p,Masonline,Vino Malbec Eugenio Bustos 750cc,,2026-06-03 14:27
https://www.masonline.com.ar/vino-tinto-malbec-ventus-750ml-2/p,Masonline,Vino Tinto Malbec Ventus 750 Ml,,2026-06-03 14:27
https://www.masonline.com.ar/vino-tinto-kadabra-malbec-750cc-2/p,,,404,2026-06-03 14:27
https://www.masonline.com.ar/vino-tinto-signum-malbec-750-ml/p,Masonline,Vino Tinto Signum Malbec 750 Ml,,2026-06-03 14:27
https://www.masonline.com.ar/vino-malbec-elegido-750-cc-2/p,,,404,2026-06-03 14:27
https://www.masonline.com.ar/vino-tinto-arizu-malbec-750-ml-2/p,Masonline,Vino Tinto Arizu Malbec 750 Ml,,2026-06-03 14:27
https://www.masonline.com.ar/vino-tinto-san-huberto-malbec-750-ml-2/p,Masonline,Vino Tinto San Huberto Malbec 750 Ml,,2026-06-03 14:27
https://www.masonline.com.ar/vino-tinto-centenario-malbec-750-ml-2/p,Masonline,Vino Tinto Centenario Malbec 750 Ml,,2026-06-03 14:27
https://www.masonline.com.ar/vino-tinto-ugarteche-malbec-750-ml-2/p,Masonline,Vino Tinto Ugarteche Malbec 750 Ml,,2026-06-03 14:27
https://www.masonline.com.ar/vino-tinto-sade-malbec-750-ml-2/p,Masonline,Vino Tinto Sade Malbec 750 Ml,,2026-06-03 14:27
https://www.masonline.com.ar/cafe-instantaneo-suave-la-virginia-170-gr-2/p,Masonline,Cafe Instantaneo Suave La Virginia 170 Gr,,2026-06-03 14:27
https://www.masonline.com.ar/yerba-mate-chamigo-sin-tacc-1kg-2/p,Masonline,Yerba Mate Chamigo Sin Tacc 1kg,,2026-06-03 14:27
https://www.masonline.com.ar/yerba-serrana-cachamate-fca-500gr-2/p,Masonline,Yerba Mate Cachamate Hierbas Serranas Blanca 500 G,,2026-06-03 14:27
https://www.masonline.com.ar/yerba-mate-cbse-guarana-500gr-2/p,Masonline,Yerba Mate Cbse Guaraná 500gr,,2026-06-03 14:27
https://www.masonline.com.ar/yerba-mate-suave-pipore-1kg-2/p,Masonline,Yerba Mate Suave Pipore 1kg,,2026-06-03 14:27
https://www.masonline.com.ar/yerba-mate-cbse-de-limon-500gr-2/p,Masonline,Yerba Mate Cbse De Limón 500gr,,2026-06-03 14:27
https://www.masonline.com.ar/yerba-mate-pipore-con-palo-tradicional-500-gr-2/p,Masonline,Yerba Mate Piporé Con Palo Tradicional 500 Gr,,2026-06-03 14:27
https://www.masonline.com.ar/yerba-mate-seleccion-especial-cruz-de-malta-500-gr-2/p,Masonline,Yerba Mate Selección Especial Cruz De Malta 500 Gr,,2026-06-03 14:27
https://www.masonline.com.ar/yerba-mate-sinceridad-suave-edicion-especial-500g-2/p,Masonline,Yerba Mate Sinceridad Suave Edicion Especial 500g,,2026-06-03 14:27
https://www.masonline.com.ar/yerba-mate-sinceridad-suave-edicion-especial-1kg-2/p,Masonline,Yerba Mate Sinceridad Suave Edición Especial 1kg,,2026-06-03 14:27
https://www.masonline.com.ar/yerba-mate-check-sin-tacc-500gr-2/p,Masonline,Yerba Mate Check 500 G,,2026-06-03 14:27
https://www.masonline.com.ar/yerba-mate-verdeflor-tradicional-500g-2/p,Masonline,Yerba Mate Verdeflor Tradicional 500g,,2026-06-03 14:27
https://www.masonline.com.ar/yerba-mate-romance-especial-1-kg-2/p,Masonline,Yerba Mate Romance Especial Romance 1 Kg,,2026-06-03 14:27
https://www.masonline.com.ar/yerba-mate-cachamate-suave-naranja-x-500g-2/p,Masonline,Yerba Mate Cachamate Suave Naranja 500 G,,2026-06-03 14:27
https://www.masonline.com.ar/yerba-mate-suave-amanda-500-gr-2/p,Masonline,Yerba Mate Suave Amanda 500 G,,2026-06-03 14:27
https://www.masonline.com.ar/yerba-cachamai-con-palo-500-g/p,Masonline,Yerba Cachamai Con Palo 500 G,,2026-06-03 14:27
https://www.masonline.com.ar/yerba-mate-adelgamate-cosecha-especial-naranja-500gr-2/p,Masonline,Yerba Mate Adelgamate Cosecha Especial Naranja 500gr,,2026-06-03 14:27
https://www.masonline.com.ar/te-morenita-negro-50un-2/p,Masonline,Té Morenita Negro 50u,,2026-06-03 14:27
https://www.masonline.com.ar/te-pajaro-azul-clasico-25u-2/p,Masonline,Té Pájaro Azul Clásico 25u,,2026-06-03 14:27
https://diaonline.supermercadosdia.com.ar/arroz-largo-carmabe-1-kg-307585/p,Dia,Arroz Largo Carmabe 1 Kg 307585,,2026-06-03 14:27
https://diaonline.supermercadosdia.com.ar/arvejas-remojadas-arcor-300-gr-14199/p,Dia,Arvejas Remojadas Arcor 300 Gr 14199,,2026-06-03 14:27
https://diaonline.supermercadosdia.com.ar/azucar-azucel-comun-tipo-a-1-kg-284167/p,Dia,Azucar Azucel Comun Tipo A 1 Kg 284167,,2026-06-03 14:27
https://diaonline.supermercadosdia.com.ar/banana-x-1-kg-90110/p,Dia,Banana X 1 Kg 90110,,2026-06-03 14:27
https://diaonline.supermercadosdia.com.ar/cafe-instantaneo-la-virginia-clasico-170-gr-185930/p,Dia,Cafe Instantaneo La Virginia Clasico 170 Gr 185930,,2026-06-03 14:27
https://diaonline.supermercadosdia.com.ar/caldo-knorr-gallina-deshidratado-6-ud-283618/p,Dia,Caldo Knorr Gallina Deshidratado 6 Ud 283618,,2026-06-03 14:27
https://diaonline.supermercadosdia.com.ar/cebolla-elegida-premium-x-1-kg-90141/p,Dia,Cebolla Elegida Premium X 1 Kg 90141,,2026-06-03 14:27
https://diaonline.supermercadosdia.com.ar/cerveza-patagonia-session-ipa-en-lata-473-ml-250295/p,Dia,Cerveza Patagonia Session Ipa En Lata 473 Ml 250295,,2026-06-03 14:27
https://diaonline.supermercadosdia.com.ar/cerveza-lata-corona-473-ml-309156/p,Dia,Cerveza Lata Corona 473 Ml 309156,,2026-06-03 14:27
https://diaonline.supermercadosdia.com.ar/cerveza-lager-dia-473-ml-297304/p,Dia,Cerveza Lager Dia 473 Ml 297304,,2026-06-03 14:27
https://diaonline.supermercadosdia.com.ar/cerveza-brahma-lata-473-ml-106586/p,Dia,Cerveza Brahma Lata 473 Ml 106586,,2026-06-03 14:27
https://diaonline.supermercadosdia.com.ar/cerveza-premium-ortuzar-473-ml-288648/p,Dia,Cerveza Premium Ortuzar 473 Ml 288648,,2026-06-03 14:27
https://diaonline.supermercadosdia.com.ar/dulce-de-leche-clasico-la-serenisima-con-calcio-400-gr-273372/p,Dia,Dulce De Leche Clasico La Serenisima Con Calcio 400 Gr 273372,,2026-06-03 14:27
https://diaonline.supermercadosdia.com.ar/fideos-spaghetti-don-bernabeu-500-gr-301110/p,Dia,Fideos Spaghetti Don Bernabeu 500 Gr 301110,,2026-06-03 14:27
https://diaonline.supermercadosdia.com.ar/galletitas-crackers-cuquets-110-gr-133970/p,Dia,Galletitas Crackers Cuquets 110 Gr 133970,,2026-06-03 14:27
https://diaonline.supermercadosdia.com.ar/galletitas-polvorone-celosas-120-gr-301307/p,Dia,Galletitas Polvorone Celosas 120 Gr 301307,,2026-06-03 14:27
https://diaonline.supermercadosdia.com.ar/galletitas-chocolate-chips-kukinas-80-gr-305294/p,Dia,Galletitas Chocolate Chips Kukinas 80 Gr 305294,,2026-06-03 14:27
https://diaonline.supermercadosdia.com.ar/panal-galletas-chocolate-247gr-263980/p,Dia,Panal Galletas Chocolate 247Gr 263980,,2026-06-03 14:27
https://diaonline.supermercadosdia.com.ar/panal-galletas-vainilla-222-gr-263977/p,Dia,Panal Galletas Vainilla 222 Gr 263977,,2026-06-03 14:27
https://diaonline.supermercadosdia.com.ar/galletitas-con-chips-kukinas-50-gr-309068/p,Dia,Galletitas Con Chips Kukinas 50 Gr 309068,,2026-06-03 14:27
https://diaonline.supermercadosdia.com.ar/gaseosa-crush-lima-limon-2-25-lt-47113/p,Dia,Gaseosa Crush Lima Limon 2 25 Lt 47113,,2026-06-03 14:27
https://diaonline.supermercadosdia.com.ar/huevo-blanco-extragrande-opi-6-ud-114868/p,Dia,Huevo Blanco Extragrande Opi 6 Ud 114868,,2026-06-03 14:27
https://diaonline.supermercadosdia.com.ar/lechuga-mantecosa-x-1-kg-90143/p,Dia,Lechuga Mantecosa X 1 Kg 90143,,2026-06-03 14:27
https://diaonline.supermercadosdia.com.ar/lentejas-remojadas-dia-340-gr-228836/p,Dia,Lentejas Remojadas Dia 340 Gr 228836,,2026-06-03 14:27
https://diaonline.supermercadosdia.com.ar/lentejas-inalpa-secas-remojadas-300-gr-284109/p,Dia,Lentejas Inalpa Secas Remojadas 300 Gr 284109,,2026-06-03 14:27
https://diaonline.supermercadosdia.com.ar/manzana-roja-x-1-kg-90039/p,Dia,Manzana Roja X 1 Kg 90039,,2026-06-03 14:27
https://diaonline.supermercadosdia.com.ar/manzana-verde-x-1-kg-90112/p,Dia,Manzana Verde X 1 Kg 90112,,2026-06-03 14:27
https://diaonline.supermercadosdia.com.ar/naranja-jugo-x-1-kg-90117/p,Dia,Naranja Jugo X 1 Kg 90117,,2026-06-03 14:27
https://diaonline.supermercadosdia.com.ar/naranja-ombligo-x-1-kg-90118/p,Dia,Naranja Ombligo X 1 Kg 90118,,2026-06-03 14:27
https://diaonline.supermercadosdia.com.ar/papa-negra-x-1-kg-90094/p,Dia,Papa Negra X 1 Kg 90094,,2026-06-03 14:27
https://diaonline.supermercadosdia.com.ar/pera-x-1-kg-90113/p,Dia,Pera X 1 Kg 90113,,2026-06-03 14:27
https://diaonline.supermercadosdia.com.ar/pollo-embolsado-dia-x-kg-291276/p,Dia,Pollo Embolsado Dia X Kg 291276,,2026-06-03 14:27
https://diaonline.supermercadosdia.com.ar/queso-blanco-original-la-serenisima-460-gr-7150/p,Dia,Queso Blanco Original La Serenisima 460 Gr 7150,,2026-06-03 14:27
https://diaonline.supermercadosdia.com.ar/queso-cremoso-dia-x-kg-297684/p,Dia,Queso Cremoso Dia X Kg 297684,,2026-06-03 14:27
https://diaonline.supermercadosdia.com.ar/queso-por-salut-dia-1-kg-297682/p,Dia,Queso Por Salut Dia 1 Kg 297682,,2026-06-03 14:27
https://diaonline.supermercadosdia.com.ar/queso-cremoso-la-serenisima-1-kg-299838/p,Dia,Queso Cremoso La Serenisima 1 Kg 299838,,2026-06-03 14:27
https://diaonline.supermercadosdia.com.ar/tomate-perita-x-1-kg-90074/p,Dia,Tomate Perita X 1 Kg 90074,,2026-06-03 14:27
https://diaonline.supermercadosdia.com.ar/tomate-redondo-x-1-kg-90127/p,Dia,Tomate Redondo X 1 Kg 90127,,2026-06-03 14:27
https://diaonline.supermercadosdia.com.ar/te-negro-morenita-25-ud-307681/p,Dia,Te Negro Morenita 25 Ud 307681,,2026-06-03 14:27
https://diaonline.supermercadosdia.com.ar/te-la-morenita-comun-50-ud-273325/p,Dia,Te La Morenita Comun 50 Ud 273325,,2026-06-03 14:27
https://diaonline.supermercadosdia.com.ar/vino-canciller-malbec-750-ml-207461/p,Dia,Vino Canciller Malbec 750 Ml 207461,,2026-06-03 14:27
https://diaonline.supermercadosdia.com.ar/yogur-bebible-frutilla-la-serenisima-clasico-900-gr-298465/p,Dia,Yogur Bebible Frutilla La Serenisima Clasico 900 Gr 298465,,2026-06-03 14:27
https://diaonline.supermercadosdia.com.ar/yogur-bebible-vainilla-la-serenisima-clasico-900-gr-167744/p,Dia,Yogur Bebible Vainilla La Serenisima Clasico 900 Gr 167744,,2026-06-03 14:27
https://diaonline.supermercadosdia.com.ar/yogur-bebible-durazno-la-serenisima-clasico-900-gr-300177/p,Dia,Yogur Bebible Durazno La Serenisima Clasico 900 Gr 300177,,2026-06-03 14:27
https://diaonline.supermercadosdia.com.ar/yogur-bebible-vainilla-la-serenisima-clasico-1100-gr-52057/p,Dia,Yogur Bebible Vainilla La Serenisima Clasico 1100 Gr 52057,,2026-06-03 14:27
https://diaonline.supermercadosdia.com.ar/yogur-bebible-frutilla-la-serenisima-1-3-lt-309922/p,Dia,Yogur Bebible Frutilla La Serenisima 1 3 Lt 309922,,2026-06-03 14:27
https://diaonline.supermercadosdia.com.ar/yogur-bebible-vainilla-la-serenisima-1-3-lt-309923/p,Dia,Yogur Bebible Vainilla La Serenisima 1 3 Lt 309923,,2026-06-03 14:27
https://diaonline.supermercadosdia.com.ar/zanahoria-x-1-kg-90122/p,Dia,Zanahoria X 1 Kg 90122,,2026-06-03 14:27
https://diaonline.supermercadosdia.com.ar/zapallo-x-1-kg-94087/p,Dia,Zapallo X 1 Kg 94087,,2026-06-03 14:27
https://diaonline.supermercadosdia.com.ar/mandarina-x-1-kg-90119/p,Dia,Mandarina X 1 Kg 90119,,2026-06-03 14:27
https://diaonline.supermercadosdia.com.ar/acelga-x-1-kg-90134/p,Dia,Acelga X 1 Kg 90134,,2026-06-03 14:27
https://diaonline.supermercadosdia.com.ar/pan-mignon-250-gr-254307/p,Dia,Pan Mignon 250 Gr 254307,,2026-06-03 14:27
https://www.carrefour.com.ar/carne-picada-novillo-x-kg-678596/p,,,404,2026-06-03 14:27
https://www.carrefour.com.ar/carne-picada-swift-congelada-500-g-703600/p,Carrefour,Carne picada Swift congelada 500 g.,,2026-06-03 14:27
https://www.carrefour.com.ar/carnaza-comun-novillo-x-kg-674622/p,Carrefour,Carnaza común Novillo x kg.,,2026-06-03 14:27
https://www.carrefour.com.ar/azotillo-bulnez-x-kg-678570/p,,,404,2026-06-03 14:27
https://www.carrefour.com.ar/fecula-de-maiz-carrefour-classic-500-g-743737/p,,,404,2026-06-03 14:27
https://www.carrefour.com.ar/polenta-org-nica-dicomere-paquete-450-g/p,,,404,2026-06-03 14:27
https://www.carrefour.com.ar/leche-entera-lechelita-uat-tetra-1-l-689731-689731/p,Carrefour,Leche entera Lechelita uat tetra 1 l.,,2026-06-03 14:27
https://www.carrefour.com.ar/leche-entera-larga-vida-tregar-1-l/p,Carrefour,Leche entera larga vida Tregar 1 l.,,2026-06-03 14:27
https://www.carrefour.com.ar/pan-flautita-x-kg-724750/p,Carrefour,Pan flautita x kg.,,2026-06-03 14:27
https://www.carrefour.com.ar/pan-tipo-pebete-440-grs-762700/p,Carrefour,Pan tipo pebete 440 grs,,2026-06-03 14:27
https://www.carrefour.com.ar/ciriola-flautita-x-kg/p,Carrefour,Ciriola flautita x kg.,,2026-06-03 14:27
https://www.carrefour.com.ar/pan-mignon-x-kg-724752/p,,,404,2026-06-03 14:27
https://www.masonline.com.ar/picada-especial-atm-x-600-gr-3/p,Masonline,Carne Picada Especial 750 G,,2026-06-03 14:27
https://www.masonline.com.ar/picada-de-recorte-comun-x-600-gr/p,Masonline,Picada De Recorte Novillito X 600 Gr,,2026-06-03 14:27
https://www.masonline.com.ar/carne-picada-swift-congelada-1-kg/p,Masonline,Carne Picada Swift Congelada 1 Kg,,2026-06-03 14:27
https://www.masonline.com.ar/roast-beef-de-novillito-x-800-gr-3/p,Masonline,Roast Beef De Novillito Envasado Al Vacío 1.2 Kg,,2026-06-03 14:27
https://www.masonline.com.ar/harina-de-maiz-great-value-1-kg-2/p,Masonline,Polenta Aliada 1 Kg,,2026-06-03 14:27
https://www.masonline.com.ar/harina-de-maiz-prestopronta-para-arepas-2/p,Masonline,Harina De Maíz Prestopronta Para Arepas,,2026-06-03 14:27
https://www.masonline.com.ar/polenta-tradicional-la-espanola-gourmet-500-g/p,Masonline,Polenta Tradicional La Española Gourmet 500 G,,2026-06-03 14:27
https://www.masonline.com.ar/polenta-instantanea-molinos-ala-500-g/p,Masonline,Polenta Instantánea Molinos Ala 500 G,,2026-06-03 14:27
https://www.masonline.com.ar/leche-uht-entera-check-1-lt-2/p,Masonline,Leche Entera Check Larga Vida 1 L,,2026-06-03 14:27
https://www.masonline.com.ar/leche-entera-uat-tregar-1lt-2/p,Masonline,Leche Entera Tregar Larga Vida 1 L,,2026-06-03 14:27
https://depotexpress.com.ar/productos/desayuno/gald-a-diversion-390x/,,,exception,2026-07-05 16:23
https://depotexpress.com.ar/productos/desayuno/gald-bagley-surtido-398x/,,,exception,2026-07-05 16:23
